index,image,baseline_miou,repa_miou,delta_miou,num_gr_truth_classes,valid_fraction
0,ADE_val_00000001.jpg,0.5514612065080475,0.673873082628868,0.1224118761208205,7,0.9896681689238653
1,ADE_val_00000002.jpg,0.4185203100512351,0.3361451913743806,-0.08237511867685449,6,0.9050549450549451
2,ADE_val_00000003.jpg,0.2172106878767342,0.1901797084547407,-0.027030979421993506,12,0.983075
3,ADE_val_00000004.jpg,0.5145980189257716,0.32660432412498813,-0.18799369480078348,8,0.9830366947291361
4,ADE_val_00000005.jpg,0.41609907198633406,0.4003079311862354,-0.015791140800098635,7,0.7867916666666667
5,ADE_val_00000006.jpg,0.21283024071690207,0.2077448447160751,-0.005085396000826969,5,0.9926050054904831
6,ADE_val_00000007.jpg,0.399336605652282,0.5874116249057071,0.18807501925342507,5,0.9694970760233919
7,ADE_val_00000008.jpg,0.5767337682897137,0.6356319439450707,0.05889817565535704,4,0.9094933333333334
8,ADE_val_00000009.jpg,0.07336500703042714,0.0979941082561028,0.02462910122567566,14,0.9471308390299479
9,ADE_val_00000010.jpg,0.11073798983262594,0.14099985962949121,0.03026186979686528,15,0.9651246376811594
10,ADE_val_00000011.jpg,0.39483432074345565,0.40369793892521666,0.008863618181761013,6,0.9889317468619246
11,ADE_val_00000012.jpg,0.1803284893921256,0.15654496653867664,-0.023783522853448952,7,0.7990096830985915
12,ADE_val_00000013.jpg,0.13306330905563604,0.12734132324186712,-0.005721985813768926,10,0.9811790156841536
13,ADE_val_00000014.jpg,0.3943458945932319,0.4532692214985817,0.05892332690534979,6,0.9826220488653001
14,ADE_val_00000015.jpg,0.19823523973821014,0.22841119255002712,0.03017595281181698,8,0.9844580507697948
15,ADE_val_00000016.jpg,0.18767045319964154,0.21768267555138612,0.030012222351744583,7,0.9928841145833334
16,ADE_val_00000017.jpg,0.27053111174382244,0.49664519860565426,0.22611408686183182,7,0.9831269349845201
17,ADE_val_00000018.jpg,0.17423342519890908,0.15142913232346908,-0.022804292875440002,8,0.9912109375
18,ADE_val_00000019.jpg,0.11313680297675364,0.11351366446730851,0.00037686149055486673,6,0.9829228855721392
19,ADE_val_00000020.jpg,0.16609465432761836,0.13772353806356755,-0.02837111626405081,5,0.5579681396484375
20,ADE_val_00000021.jpg,0.11414150791784605,0.12135104496888942,0.007209537051043366,12,0.7607035825402635
21,ADE_val_00000022.jpg,0.44031110787577266,0.43999442563495716,-0.00031668224081549123,4,0.9903630136986301
22,ADE_val_00000023.jpg,0.3991340734403473,0.33475610582221255,-0.06437796761813475,5,0.9886610486891386
23,ADE_val_00000024.jpg,0.21104553995381162,0.9844069826420614,0.7733614426882498,2,0.993351368045388
24,ADE_val_00000025.jpg,0.10119787245817764,0.07646748698899143,-0.02473038546918621,3,0.617767333984375
25,ADE_val_00000026.jpg,0.17743137520243762,0.13650660151548868,-0.04092477368694894,3,0.4440057803468208
26,ADE_val_00000027.jpg,0.45528251371621686,0.3930645513358305,-0.06221796238038635,4,0.5222552478652751
27,ADE_val_00000028.jpg,0.2913038856750153,0.24867900894881087,-0.042624876726204436,3,0.9256946707953064
28,ADE_val_00000029.jpg,0.14354540178783398,0.13314639832061592,-0.01039900346721806,5,0.662060070020269
29,ADE_val_00000030.jpg,0.21525390697751276,0.185328804556193,-0.029925102421319766,7,0.9811664989019033
30,ADE_val_00000031.jpg,0.3665535482254606,0.4095367884975379,0.04298324027207728,8,0.9856646916178624
31,ADE_val_00000032.jpg,0.35978919578691504,0.2703657789848316,-0.08942341680208343,7,0.7729485038433382
32,ADE_val_00000033.jpg,0.1693970907291022,0.3401561667889848,0.1707590760598826,4,0.987421875
33,ADE_val_00000034.jpg,0.3568594557302611,0.4908636606286388,0.13400420489837767,3,0.9910795267150396
34,ADE_val_00000035.jpg,0.5245541248200029,0.733829137583184,0.20927501276318117,5,0.9746243006277293
35,ADE_val_00000036.jpg,0.18439844500062078,0.2979238239089193,0.11352537890829853,6,0.69615
36,ADE_val_00000037.jpg,0.32947517784974195,0.24134826025968897,-0.08812691759005298,4,0.9683758934054881
37,ADE_val_00000038.jpg,0.074161654016764,0.10839802270019012,0.034236368683426124,9,0.9880721843338666
38,ADE_val_00000039.jpg,0.22988906907181691,0.12376778151505972,-0.10612128755675719,6,0.950867876351388
39,ADE_val_00000040.jpg,0.1286606287420048,0.1521269546574814,0.02346632591547662,8,0.8266980463030746
40,ADE_val_00000041.jpg,0.4448034070504384,0.4084728599541566,-0.03633054709628181,5,0.9724385245901639
41,ADE_val_00000042.jpg,0.255559701919429,0.2292512196492518,-0.026308482270177208,5,0.9970279412627339
42,ADE_val_00000043.jpg,0.46951278250061806,0.5308563595916924,0.06134357709107435,6,0.9614550597108736
43,ADE_val_00000044.jpg,0.04926606653334089,0.06592791480373045,0.016661848270389558,13,0.9877578635620915
44,ADE_val_00000045.jpg,0.6154912253824706,0.6801780981264548,0.06468687274398421,11,0.9924420067715959
45,ADE_val_00000046.jpg,0.2565645336538279,0.2617517818443633,0.005187248190535398,7,0.9928053333333333
46,ADE_val_00000047.jpg,0.2107387811361781,0.20872454399591783,-0.0020142371402602777,7,0.9884499679721815
47,ADE_val_00000048.jpg,0.3182915025749255,0.45236840335615003,0.13407690078122453,5,0.9868265787760416
48,ADE_val_00000049.jpg,0.5525583276740936,0.6501422441448934,0.09758391647079978,11,0.9886901766105417
49,ADE_val_00000050.jpg,0.2582561866103932,0.25049449557708936,-0.007761691033303819,9,0.9468988095238096
50,ADE_val_00000051.jpg,0.09805306120718824,0.18880015280851992,0.09074709160133168,7,0.9761360677083334
51,ADE_val_00000052.jpg,0.2597640725829642,0.22401664073101826,-0.03574743185194593,11,0.9893965043923866
52,ADE_val_00000053.jpg,0.33314237179283884,0.34005742003318656,0.006915048240347721,6,0.9853108723958334
53,ADE_val_00000054.jpg,0.0041355114522253125,0.03519877541039575,0.031063263958170433,6,0.7738978998901903
54,ADE_val_00000055.jpg,0.5155317513693374,0.5292513289598677,0.01371957759053033,4,0.485546875
55,ADE_val_00000056.jpg,0.140015424087624,0.17279885807113196,0.03278343398350797,8,0.9880867953879942
56,ADE_val_00000057.jpg,0.24681453335425083,0.2140136702204029,-0.03280086313384792,6,0.8721815278861155
57,ADE_val_00000058.jpg,0.010825487842541658,0.00019042392871183332,-0.010635063913829824,2,0.9456853333333334
58,ADE_val_00000059.jpg,0.10294262189278626,0.1373258946310427,0.034383272738256435,4,0.8956053333333334
59,ADE_val_00000060.jpg,0.17543817968387942,0.217638857905277,0.042200678221397586,4,0.7873866666666667
60,ADE_val_00000061.jpg,0.14880911991700366,0.1346348665589713,-0.014174253358032352,9,0.9508154506437768
61,ADE_val_00000062.jpg,0.10375850603586619,0.06740769865959269,-0.0363508073762735,6,0.9881119791666667
62,ADE_val_00000063.jpg,0.11760571973227328,0.1594961054000143,0.04189038566774102,5,0.8998540774334425
63,ADE_val_00000064.jpg,0.6189370622997165,0.6174960608332134,-0.0014410014665030557,5,0.9802925925925926
64,ADE_val_00000065.jpg,0.1391241529316815,0.1412794988597211,0.0021553459280395926,17,0.6248285574128271
65,ADE_val_00000066.jpg,0.9425974018030221,0.9517920528327638,0.009194651029741707,3,0.9740393518518519
66,ADE_val_00000067.jpg,0.24520088529007364,0.17826538740831013,-0.0669354978817635,7,0.9245267489711935
67,ADE_val_00000068.jpg,0.07447718324207679,0.04974962159876112,-0.024727561643315674,13,0.932140309155767
68,ADE_val_00000069.jpg,0.05594779879388412,0.05840201184637513,0.0024542130524910152,7,0.950986700986701
69,ADE_val_00000070.jpg,0.10042925372698187,0.1199544501168813,0.019525196389899427,5,0.9579
70,ADE_val_00000071.jpg,0.10293503538269827,0.10886739967511024,0.005932364292411965,7,0.8032915360501567
71,ADE_val_00000072.jpg,0.028829714394028313,0.052732113130464754,0.02390239873643644,4,0.9708271329365079
72,ADE_val_00000073.jpg,0.3090266697773783,0.2518102449078366,-0.057216424869541704,7,0.6075813802083333
73,ADE_val_00000074.jpg,0.4131889505539305,0.4875358121778326,0.07434686162390208,7,0.8997526041666667
74,ADE_val_00000075.jpg,0.36507428023222427,0.2986216801299477,-0.06645260010227655,3,0.5676616260980967
75,ADE_val_00000076.jpg,0.161440957737246,0.17846889387544618,0.017027936138200167,6,0.9799540172035139
76,ADE_val_00000077.jpg,0.22887748221190915,0.3947206589769856,0.16584317676507646,7,0.9720625
77,ADE_val_00000078.jpg,0.23251377646848237,0.3066577037131441,0.07414392724466173,12,0.9825762948389458
78,ADE_val_00000079.jpg,0.2796629355752371,0.3641203341334253,0.08445739855818823,15,0.985827716503268
79,ADE_val_00000080.jpg,0.08633013414025352,0.16238750872220648,0.07605737458195296,6,0.8685407949790795
80,ADE_val_00000081.jpg,0.345510006382375,0.5018822145778945,0.1563722081955195,11,0.9502882503660323
81,ADE_val_00000082.jpg,0.08258448937058037,0.15018383510263508,0.06759934573205471,7,0.9601593017578125
82,ADE_val_00000083.jpg,0.18242525393951925,0.39098994704128415,0.2085646931017649,5,0.9797643025716146
83,ADE_val_00000084.jpg,0.09606741432149764,0.08745658229717355,-0.008610832024324083,11,0.9064301564787701
84,ADE_val_00000085.jpg,0.40906350036213324,0.5208849065845113,0.11182140622237802,9,0.9883888888888889
85,ADE_val_00000086.jpg,0.15988479036172312,0.1357463690511506,-0.024138421310572533,12,0.988048961081031
86,ADE_val_00000087.jpg,0.11179076254044223,0.060818644555561796,-0.05097211798488044,8,0.7944083634118541
87,ADE_val_00000088.jpg,0.1521949477849201,0.28722604580665756,0.13503109802173746,7,0.916280400572246
88,ADE_val_00000089.jpg,0.11450389426208492,0.17915835056261847,0.06465445630053356,10,0.989437037037037
89,ADE_val_00000090.jpg,0.22032829431713072,0.22714848027900736,0.00682018596187664,12,0.9677041777482269
90,ADE_val_00000091.jpg,0.2272626239392543,0.2784313382698977,0.05116871433064338,6,0.882554109922179
91,ADE_val_00000092.jpg,0.09853550718963644,0.17641050473055314,0.0778749975409167,12,0.8934016974743777
92,ADE_val_00000093.jpg,0.311544043228274,0.3199952493373941,0.00845120610912009,11,0.9840461429355783
93,ADE_val_00000094.jpg,0.133152701771961,0.11374577390661642,-0.019406927865344592,9,0.7474094855832241
94,ADE_val_00000095.jpg,0.13131965084690195,0.3126717415216922,0.18135209067479025,10,0.9574894246722769
95,ADE_val_00000096.jpg,0.6659279232221785,0.4615149312635942,-0.2044129919585843,3,0.9768141471449487
96,ADE_val_00000097.jpg,0.2878767276272788,0.5576347010084323,0.2697579733811535,14,0.8891016642252604
97,ADE_val_00000098.jpg,0.26750436005498385,0.3843264694145976,0.11682210935961373,9,0.9903373215592972
98,ADE_val_00000099.jpg,0.17549151389449813,0.33660000659263645,0.16110849269813832,8,0.9914068219253295
99,ADE_val_00000100.jpg,0.1968260290717367,0.18853813984104437,-0.008287889230692347,9,0.9813928701015965
100,ADE_val_00000101.jpg,0.15855707911430705,0.15897272626007664,0.00041564714576958206,9,0.9935654409411011
101,ADE_val_00000102.jpg,0.3153677849929291,0.4286728296168673,0.1133050446239382,10,0.9256333333333333
102,ADE_val_00000103.jpg,0.2888431761672341,0.4136068836425289,0.1247637074752948,12,0.9726104959736457
103,ADE_val_00000104.jpg,0.34197128373199764,0.42302370550905,0.08105242177705235,10,0.9870615017926988
104,ADE_val_00000105.jpg,0.2846419508800915,0.41506621861501175,0.13042426773492027,9,0.9854560959507043
105,ADE_val_00000106.jpg,0.2399529235972397,0.18816626711173512,-0.05178665648550457,12,0.980926513671875
106,ADE_val_00000107.jpg,0.09231856053889155,0.13297275621278806,0.04065419567389651,15,0.9865211664244186
107,ADE_val_00000108.jpg,0.4021896293709494,0.29569557311079053,-0.10649405626015884,5,0.9962310791015625
108,ADE_val_00000109.jpg,0.4673962407575124,0.46296631959151313,-0.004429921165999273,3,0.9863713582356771
109,ADE_val_00000110.jpg,0.1012204741283466,0.12584211373932405,0.02462163961097745,9,0.9861121537422115
110,ADE_val_00000111.jpg,0.054115723774719925,0.043994934417225934,-0.01012078935749399,8,0.7632548014322916
111,ADE_val_00000112.jpg,0.49699378036607594,0.7451504137357255,0.2481566333696496,5,0.97552490234375
112,ADE_val_00000113.jpg,0.17697282071275616,0.17518883561153292,-0.00178398510122324,4,0.9257965087890625
113,ADE_val_00000114.jpg,0.4032224676291557,0.466285555400081,0.06306308777092529,7,0.9699859619140625
114,ADE_val_00000115.jpg,0.12171220866389627,0.1708598924702464,0.04914768380635014,6,0.9383111111111111
115,ADE_val_00000116.jpg,0.2049031618811539,0.22162698751684193,0.016723825635688028,10,0.9491848021259786
116,ADE_val_00000117.jpg,0.20589784553961493,0.20272805427386872,-0.003169791265746208,14,0.989542345351391
117,ADE_val_00000118.jpg,0.15674074565536977,0.2116733205643566,0.054932574908986814,17,0.9356088362068965
118,ADE_val_00000119.jpg,0.2349637888847707,0.1994729677812718,-0.03549082110349891,9,0.9912952964860908
119,ADE_val_00000120.jpg,0.26304077605115533,0.3253178791922622,0.06227710314110685,10,0.980863378477306
120,ADE_val_00000121.jpg,0.1570791281883967,0.1756159285604461,0.01853680037204941,22,0.9025522867838541
121,ADE_val_00000122.jpg,0.08849639149252964,0.1870217534085465,0.09852536191601685,7,0.9952587390190337
122,ADE_val_00000123.jpg,0.43606272032360394,0.47376291641063667,0.037700196087032734,11,0.9938812255859375
123,ADE_val_00000124.jpg,0.21807776224059464,0.2660648857275707,0.04798712348697606,12,0.9931540538067349
124,ADE_val_00000125.jpg,0.1775928975109064,0.16364084660356074,-0.013952050907345664,17,0.9766896565755209
125,ADE_val_00000126.jpg,0.2456047541062785,0.3401284743130411,0.09452372020676261,13,0.9881354090409956
126,ADE_val_00000127.jpg,0.23731082469087333,0.3033543451781901,0.06604352048731676,24,0.9704418789808917
127,ADE_val_00000128.jpg,0.20942921526841515,0.261285743729437,0.05185652846102187,8,0.8320941617862372
128,ADE_val_00000129.jpg,0.18725323910501893,0.21542959713883136,0.028176358033812438,15,0.9828387096774194
129,ADE_val_00000130.jpg,0.358058905607413,0.40361287906264465,0.045553973455231656,15,0.9803849357932379
130,ADE_val_00000131.jpg,0.38459412151410743,0.6005907564254477,0.21599663491134025,6,0.9817657470703125
131,ADE_val_00000132.jpg,0.1421742324657349,0.15267302152557422,0.010498789059839309,15,0.9539377438231469
132,ADE_val_00000133.jpg,0.31737933201894497,0.5593667454095954,0.24198741339065044,8,0.985749633431085
133,ADE_val_00000134.jpg,0.27070274791981175,0.3122156692937165,0.041512921373904776,13,0.9755501921669106
134,ADE_val_00000135.jpg,0.30311602956249767,0.26798046621194166,-0.03513556335055601,17,0.9929000242561449
135,ADE_val_00000136.jpg,0.172857907736104,0.14287560473271416,-0.029982303003389832,10,0.98382568359375
136,ADE_val_00000137.jpg,0.24673358255847827,0.23931275045733902,-0.007420832101139252,20,0.9879777777777777
137,ADE_val_00000138.jpg,0.24965730987190576,0.32514018588856247,0.07548287601665671,12,0.8829930623372396
138,ADE_val_00000139.jpg,0.23544485407434673,0.2536661932883439,0.018221339213997156,20,0.9891582491582491
139,ADE_val_00000140.jpg,0.3318484178318769,0.3697776944163712,0.0379292765844943,11,0.929814453125
140,ADE_val_00000141.jpg,0.48244364556220365,0.5638338584083948,0.08139021284619119,12,0.9936908922697368
141,ADE_val_00000142.jpg,0.6282129203001587,0.7174830967692191,0.08927017646906032,9,0.9866180419921875
142,ADE_val_00000143.jpg,0.20308139470000036,0.26947294134978617,0.0663915466497858,12,0.9883192485408561
143,ADE_val_00000144.jpg,0.30820643777707735,0.35855783369953836,0.05035139592246102,17,0.9723993937174479
144,ADE_val_00000145.jpg,0.16117911092913695,0.16535490025063135,0.0041757893214944,10,0.9505078125
145,ADE_val_00000146.jpg,0.3465916814039756,0.36664442747675907,0.020052746072783456,19,0.890045166015625
146,ADE_val_00000147.jpg,0.38791839118719207,0.4189382017365642,0.03101981054937214,12,0.9924072890025576
147,ADE_val_00000148.jpg,0.45459077662248987,0.49172702001475255,0.03713624339226268,9,0.9870222222222222
148,ADE_val_00000149.jpg,0.3847780925050114,0.41498188185400997,0.03020378934899859,7,0.9945295342240117
149,ADE_val_00000150.jpg,0.6786590024216967,0.5690465357974896,-0.1096124666242071,7,0.9885900896778916
150,ADE_val_00000151.jpg,0.48405563014604164,0.6235023574317987,0.13944672728575708,13,0.9103907393850659
151,ADE_val_00000152.jpg,0.3660435718540578,0.4728576481988197,0.10681407634476192,10,0.993865966796875
152,ADE_val_00000153.jpg,0.27573510486255465,0.21524665818308025,-0.060488446679474395,8,0.9556373974955674
153,ADE_val_00000154.jpg,0.4666347052948501,0.4590115680274933,-0.007623137267356805,8,0.9906633189970717
154,ADE_val_00000155.jpg,0.24391278497326152,0.33453488995995917,0.09062210498669765,11,0.9854633555420957
155,ADE_val_00000156.jpg,0.30685601000448137,0.5616890114484231,0.2548330014439417,9,0.9902554216056034
156,ADE_val_00000157.jpg,0.3586536984681035,0.2965913639839511,-0.06206233448415244,9,0.9934943493777453
157,ADE_val_00000158.jpg,0.08274500513339883,0.11087646942162287,0.028131464288224037,9,0.9193326822916666
158,ADE_val_00000159.jpg,0.3972318943285726,0.39455496905150744,-0.0026769252770651453,6,0.7502222222222222
159,ADE_val_00000160.jpg,0.25765896307992764,0.31068348305011834,0.0530245199701907,13,0.994741785006605
160,ADE_val_00000161.jpg,0.35829557448150323,0.4097260351306266,0.05143046064912338,20,0.9822265625
161,ADE_val_00000162.jpg,0.33805077301705916,0.4066311978344294,0.06858042481737026,14,0.9908447265625
162,ADE_val_00000163.jpg,0.30278095296766755,0.3347949973338896,0.03201404436622207,16,0.9900014671361502
163,ADE_val_00000164.jpg,0.3898188464893364,0.519775583121983,0.12995673663264662,7,0.7279980325768668
164,ADE_val_00000165.jpg,0.21496002038720968,0.30629370211464213,0.09133368172743245,10,0.9551090778526149
165,ADE_val_00000166.jpg,0.2086091539699788,0.31160964553021353,0.10300049156023472,11,0.9837887765373353
166,ADE_val_00000167.jpg,0.17959101272282002,0.33327268291456197,0.15368167019174195,11,0.9914398193359375
167,ADE_val_00000168.jpg,0.28572956480213413,0.34157929900226947,0.05584973420013534,15,0.9927574882864793
168,ADE_val_00000169.jpg,0.389980649935426,0.35410599001443416,-0.03587465992099187,12,0.9944452576112413
169,ADE_val_00000170.jpg,0.21393591667356052,0.2660511237660146,0.05211520709245407,11,0.9821802775065104
170,ADE_val_00000171.jpg,0.23482518603966931,0.285858765587221,0.051033579547551694,15,0.975894421728972
171,ADE_val_00000172.jpg,0.35706193499929695,0.5036920501083029,0.14663011510900592,9,0.9826134699853587
172,ADE_val_00000173.jpg,0.37651481384810886,0.40086452170396475,0.024349707855855884,8,0.9814225260416667
173,ADE_val_00000174.jpg,0.452430337373307,0.3737873789943816,-0.07864295837892543,6,0.9944915771484375
174,ADE_val_00000175.jpg,0.38972878885447515,0.5202090339667089,0.13048024511223377,11,0.9728821605051244
175,ADE_val_00000176.jpg,0.2780329074842431,0.230343631442764,-0.04768927604147907,13,0.9086205267137096
176,ADE_val_00000177.jpg,0.3446230298787287,0.38311089775015056,0.03848786787142183,6,0.8866758556002928
177,ADE_val_00000178.jpg,0.6136895279937892,0.458918499022881,-0.15477102897090816,4,0.9875920799780381
178,ADE_val_00000179.jpg,0.14861436562824706,0.1598838207927514,0.011269455164504338,21,0.9324956533674963
179,ADE_val_00000180.jpg,0.46943195723293246,0.31087536091672674,-0.15855659631620572,8,0.6528756405563689
180,ADE_val_00000181.jpg,0.22000800442032453,0.23094154929247562,0.01093354487215109,16,0.986480712890625
181,ADE_val_00000182.jpg,0.3159744561559697,0.47357614931091224,0.15760169315494255,10,0.9934709125623441
182,ADE_val_00000183.jpg,0.5971677362806008,0.5397870721248192,-0.05738066415578158,5,0.981612600658858
183,ADE_val_00000184.jpg,0.39934275206731,0.47365979483788345,0.07431704277057344,10,0.9365538758116884
184,ADE_val_00000185.jpg,0.0879488329027924,0.10051010597781469,0.012561273075022292,12,0.9546520406295754
185,ADE_val_00000186.jpg,0.34034670133813316,0.3118885933179963,-0.028458108020136874,2,0.6205092592592593
186,ADE_val_00000187.jpg,0.12530979207423595,0.09793736669854643,-0.027372425375689527,5,0.6870317782285328
187,ADE_val_00000188.jpg,0.14656927284493976,0.17187554623786078,0.02530627339292102,7,0.9471339563862928
188,ADE_val_00000189.jpg,0.07780678303261519,0.08982551020936441,0.01201872717674922,10,0.9775040257648954
189,ADE_val_00000190.jpg,0.21358979044147014,0.371239279988264,0.15764948954679386,7,0.9583755763668127
190,ADE_val_00000191.jpg,0.16842348756297967,0.16127756914816171,-0.007145918414817959,7,0.8769482719674724
191,ADE_val_00000192.jpg,0.07614364352383028,0.07766686619805084,0.001523222674220559,7,0.9098
192,ADE_val_00000193.jpg,0.06236932405339396,0.06074119004012985,-0.0016281340132641084,7,0.9855817610062894
193,ADE_val_00000194.jpg,0.7246696236932713,0.5040382334583071,-0.22063139023496414,4,0.9840375640556369
194,ADE_val_00000195.jpg,0.3693249050008181,0.47267272858570114,0.10334782358488304,9,0.9702767470624614
195,ADE_val_00000196.jpg,0.30214349955314435,0.3254717524577533,0.023328252904608937,6,0.9826725260416667
196,ADE_val_00000197.jpg,0.1424796381643467,0.16836965883871238,0.025890020674365688,10,0.663720703125
197,ADE_val_00000198.jpg,0.2090060827361017,0.2051973383225564,-0.003808744413545284,9,0.8479447312636762
198,ADE_val_00000199.jpg,0.2131582224369846,0.4066551179857042,0.1934968955487196,8,0.987381974248927
199,ADE_val_00000200.jpg,0.29507621386156585,0.27268450568737646,-0.022391708174189395,6,0.904296875
200,ADE_val_00000201.jpg,0.10924860467796593,0.1353794844889076,0.02613087981094167,7,0.9868655093523733
201,ADE_val_00000202.jpg,0.4788620230913533,0.4814319407452057,0.002569917653852394,3,0.9837188720703125
202,ADE_val_00000203.jpg,0.5232754342156362,0.38232766730426776,-0.1409477669113684,4,0.98553466796875
203,ADE_val_00000204.jpg,0.16696621156297445,0.16000921775183002,-0.006956993811144424,6,0.9869537353515625
204,ADE_val_00000205.jpg,0.24761717889930568,0.42838176761822966,0.18076458871892398,5,0.9602203369140625
205,ADE_val_00000206.jpg,0.5687616571237301,0.8154388803293084,0.2466772232055784,4,0.9672393798828125
206,ADE_val_00000207.jpg,0.3318624622211105,0.28304623887207087,-0.04881622334903962,3,0.8751220703125
207,ADE_val_00000208.jpg,0.3750012123116953,0.3472558840951472,-0.027745328216548126,6,0.986297607421875
208,ADE_val_00000209.jpg,0.30441623616790187,0.2808099691034085,-0.02360626706449337,7,0.9628143310546875
209,ADE_val_00000210.jpg,0.33613046760906323,0.25620224808141867,-0.07992821952764456,7,0.972320556640625
210,ADE_val_00000211.jpg,0.3957538743281536,0.4119252092942285,0.01617133496607487,8,0.98883056640625
211,ADE_val_00000212.jpg,0.1917006504657842,0.1580281559118112,-0.033672494553972976,3,0.987548828125
212,ADE_val_00000213.jpg,0.28918928251248915,0.2492717994555309,-0.03991748305695825,7,0.9858245849609375
213,ADE_val_00000214.jpg,0.42657423536336114,0.5556596718916433,0.1290854365282822,5,0.9921334172435494
214,ADE_val_00000215.jpg,0.16362862598329295,0.17802997440444898,0.014401348421156035,5,0.9739451710633267
215,ADE_val_00000216.jpg,0.24263924089108455,0.3077690116309984,0.06512977073991386,8,0.9665851851851852
216,ADE_val_00000217.jpg,0.05896936020626252,0.016223962170164745,-0.042745398036097774,5,0.9697093435138538
217,ADE_val_00000218.jpg,0.03920180004519233,0.03239877261091021,-0.00680302743428212,17,0.9800372093023256
218,ADE_val_00000219.jpg,0.3826031291760985,0.33941156339057366,-0.043191565785524855,5,0.9910833333333333
219,ADE_val_00000220.jpg,0.1332128154142608,0.1338741266929593,0.0006613112786985065,7,0.8515362590165739
220,ADE_val_00000221.jpg,0.4420573038808477,0.3143353781871062,-0.12772192569374147,9,0.9863959800469484
221,ADE_val_00000222.jpg,0.19295649289231978,0.20072745108051168,0.007770958188191901,7,0.9735923033837436
222,ADE_val_00000223.jpg,0.03218844330197295,0.03259081601252966,0.00040237271055670876,3,0.310152246522694
223,ADE_val_00000224.jpg,0.12287718607659,0.14137166884482072,0.01849448276823072,2,0.287322998046875
224,ADE_val_00000225.jpg,0.18707500900806293,0.08987044724782149,-0.09720456176024143,6,0.9560875732064422
225,ADE_val_00000226.jpg,0.22011975422509947,0.27634258609145973,0.05622283186636026,4,0.9828427255675933
226,ADE_val_00000227.jpg,0.12538849328407398,0.13760020106651633,0.01221170778244235,8,0.9591967922606924
227,ADE_val_00000228.jpg,0.16534264941809718,0.25748351526541063,0.09214086584731346,9,0.8723555555555556
228,ADE_val_00000229.jpg,0.038765118945974536,0.07483820255263608,0.036073083606661546,6,0.412556320271164
229,ADE_val_00000230.jpg,0.162533241077069,0.14759485717983226,-0.014938383897236757,7,0.9795018796992481
230,ADE_val_00000231.jpg,0.1715518991000734,0.23380602465344758,0.06225412555337417,4,0.4063083333333333
231,ADE_val_00000232.jpg,0.19797238760736344,0.21892097598488558,0.020948588377522143,8,0.9917037037037038
232,ADE_val_00000233.jpg,0.0883005015379572,0.07934497470072392,-0.008955526837233274,8,0.981199852195946
233,ADE_val_00000234.jpg,0.29001173998486945,0.22614524632415242,-0.06386649366071703,5,0.9918703258547008
234,ADE_val_00000235.jpg,0.1751509468135163,0.25704979994132904,0.08189885312781273,3,0.9617069440195779
235,ADE_val_00000236.jpg,0.23745755830168522,0.26975102054818195,0.032293462246496735,7,0.9651078799249531
236,ADE_val_00000237.jpg,0.15140651976741196,0.37270407791499754,0.2212975581475856,3,0.4932650862068966
237,ADE_val_00000238.jpg,0.18455113211823987,0.24728740661080809,0.06273627449256822,5,0.9578463648834019
238,ADE_val_00000239.jpg,0.14835448633273143,0.172493243126808,0.024138756794076566,5,0.6420833333333333
239,ADE_val_00000240.jpg,0.338540708099726,0.1925980992332988,-0.14594260886642718,4,0.9359342716942148
240,ADE_val_00000241.jpg,0.20606108161017817,0.1995672892231155,-0.006493792387062658,5,0.9755206378986867
241,ADE_val_00000242.jpg,0.24375831011810736,0.2938750720659128,0.05011676194780543,5,0.6367136835278858
242,ADE_val_00000243.jpg,0.10480855088670427,0.13882664462776362,0.03401809374105935,6,0.9213717057101025
243,ADE_val_00000244.jpg,0.18018325999620918,0.27392910364736,0.09374584365115082,17,0.886567717486819
244,ADE_val_00000245.jpg,0.28976661103554285,0.45962241016513694,0.1698557991295941,7,0.829141737539557
245,ADE_val_00000246.jpg,0.15587114295777205,0.24657057223985426,0.09069942928208222,16,0.9800382226469183
246,ADE_val_00000247.jpg,0.14177640726214638,0.1512991565332115,0.009522749271065112,8,0.985935960591133
247,ADE_val_00000248.jpg,0.07329190891196168,0.06404302838423148,-0.009248880527730194,7,0.7707672119140625
248,ADE_val_00000249.jpg,0.5478397714308716,0.6942750829428632,0.14643531151199163,4,0.9953616855783309
249,ADE_val_00000250.jpg,0.23642836047831386,0.28086224452600966,0.0444338840476958,7,0.7973264156394453
250,ADE_val_00000251.jpg,0.159137752916766,0.23217414011542795,0.07303638719866196,11,0.9736124674479166
251,ADE_val_00000252.jpg,0.23945206896034674,0.2554072193856765,0.015955150425329773,8,0.5776576576576576
252,ADE_val_00000253.jpg,0.3481561229948302,0.4500198779302482,0.10186375493541805,6,0.9068426935927673
253,ADE_val_00000254.jpg,0.08832860354184502,0.055568584316757326,-0.03276001922508769,4,0.9415435791015625
254,ADE_val_00000255.jpg,0.25140371028590314,0.3742375144417113,0.12283380415580819,10,0.8926007326007326
255,ADE_val_00000256.jpg,0.11858573055419216,0.07301675007912438,-0.045568980475067786,5,0.6552948846998536
256,ADE_val_00000257.jpg,0.29356960908183144,0.26673414004179646,-0.026835469040034976,10,0.7975659229208925
257,ADE_val_00000258.jpg,0.10428162577746286,0.17023549053883963,0.06595386476137677,11,0.8668903688524591
258,ADE_val_00000259.jpg,0.11904669578997963,0.17170396563849213,0.0526572698485125,3,0.740570068359375
259,ADE_val_00000260.jpg,0.2712409013331298,0.48784899449212793,0.21660809315899815,4,0.978424072265625
260,ADE_val_00000261.jpg,0.34265545478054643,0.3180166212168672,-0.02463883356367924,5,0.9757080078125
261,ADE_val_00000262.jpg,0.2224336888142453,0.18743680959504158,-0.03499687921920372,8,0.953125
262,ADE_val_00000263.jpg,0.0,0.0,0.0,1,0.13164291270131773
263,ADE_val_00000264.jpg,0.3099693326372145,0.2670582360319701,-0.04291109660524439,5,0.5767295021961932
264,ADE_val_00000265.jpg,0.16252157792366353,0.17037484547252468,0.007853267548861148,12,0.8924230300259107
265,ADE_val_00000266.jpg,0.11495243192675064,0.12775479164864703,0.01280235972189639,11,0.8867902406661786
266,ADE_val_00000267.jpg,0.2912409048190454,0.3017776875070487,0.010536782688003288,15,0.9795761108398438
267,ADE_val_00000268.jpg,0.4610717849518613,0.44316294835531456,-0.01790883659654674,10,0.8988750228770132
268,ADE_val_00000269.jpg,0.22134107209962617,0.25713903527230536,0.03579796317267919,7,0.98828125
269,ADE_val_00000270.jpg,0.18649406093242873,0.24149727617169303,0.0550032152392643,8,0.9727530394570001
270,ADE_val_00000271.jpg,0.36170203638674137,0.42131971497484505,0.059617678588103684,6,0.9121551513671875
271,ADE_val_00000272.jpg,0.33091784108994066,0.3614853938702736,0.030567552780332963,12,0.9860054596125731
272,ADE_val_00000273.jpg,0.16060210122909824,0.1622638045680704,0.0016617033389721703,15,0.9851735432942709
273,ADE_val_00000274.jpg,0.07270810790060733,0.19753101213738114,0.12482290423677381,6,0.9917591831140351
274,ADE_val_00000275.jpg,0.32024023546097075,0.2612806032876447,-0.05895963217332606,6,0.9410573755490483
275,ADE_val_00000276.jpg,0.08730671902134765,0.11494575542736044,0.027639036406012785,5,0.912869228909838
276,ADE_val_00000277.jpg,0.043261871931977405,0.03350312043177556,-0.009758751500201848,6,0.9708701298701299
277,ADE_val_00000278.jpg,0.3861223515260543,0.33095692853584885,-0.05516542299020544,10,0.9852233804127198
278,ADE_val_00000279.jpg,0.3624923529109754,0.5526628677653843,0.1901705148544089,5,0.9702088155864198
279,ADE_val_00000280.jpg,0.22429580260139068,0.2612927178515033,0.036996915250112644,12,0.9817041087115667
280,ADE_val_00000281.jpg,0.2041493775234984,0.21922264623435517,0.015073268710856763,8,0.9441117461089494
281,ADE_val_00000282.jpg,0.5923838732302088,0.49053862486231087,-0.10184524836789793,6,0.9937431368960469
282,ADE_val_00000283.jpg,0.504722190986578,0.3567870388666409,-0.14793515211993707,7,0.9822817532942899
283,ADE_val_00000284.jpg,0.08610798141634936,0.13669958186774317,0.05059160045139381,6,0.9846581030380673
284,ADE_val_00000285.jpg,0.3138871557768432,0.25706422656912414,-0.05682292920771903,8,0.9853730096998536
285,ADE_val_00000286.jpg,0.15279933487950123,0.13160412784242076,-0.02119520703708047,8,0.9510921116169978
286,ADE_val_00000287.jpg,0.11602487286534034,0.1578519811824046,0.04182710831706425,4,0.985087890625
287,ADE_val_00000288.jpg,0.2145288168451339,0.22969105613568758,0.015162239290553686,4,0.9884642661054173
288,ADE_val_00000289.jpg,0.15143346510588931,0.10826067719831485,-0.043172787907574464,4,0.9761655186183488
289,ADE_val_00000290.jpg,0.3267404559725714,0.22747912970549367,-0.09926132626707773,4,0.7796609387826632
290,ADE_val_00000291.jpg,0.21340986585558502,0.29056323776277143,0.07715337190718641,13,0.9869465705345061
291,ADE_val_00000292.jpg,0.16229533253532719,0.20377208813944944,0.041476755604122256,11,0.9783955206808199
292,ADE_val_00000293.jpg,0.04465023572709719,0.05502464320587502,0.010374407478777832,6,0.9632366398243045
293,ADE_val_00000294.jpg,0.17089264006525295,0.17366443971768136,0.0027717996524284083,8,0.7751555555555556
294,ADE_val_00000295.jpg,0.22899463508952828,0.23981133596064158,0.010816700871113305,8,0.9877350613103953
295,ADE_val_00000296.jpg,0.20315413845018906,0.2230139269772872,0.019859788527098132,9,0.6915149158125915
296,ADE_val_00000297.jpg,0.11533739214015092,0.09177012258021265,-0.023567269559938264,6,0.9458186666666667
297,ADE_val_00000298.jpg,0.14356658134637712,0.1496480331905519,0.006081451844174773,9,0.8508939051918736
298,ADE_val_00000299.jpg,0.33261385460727483,1.0,0.6673861453927252,1,0.1461003621419271
299,ADE_val_00000300.jpg,0.23199667385220893,0.3022374855924239,0.07024081174021499,12,0.9761249434133092
300,ADE_val_00000301.jpg,0.1930763156073737,0.1666674087609926,-0.026408906846381114,8,0.9898769216691069
301,ADE_val_00000302.jpg,0.5397483707886639,0.33514791966131735,-0.20460045112734654,9,0.9857889024555692
302,ADE_val_00000303.jpg,0.2959029476489992,0.3021006616355936,0.006197713986594411,17,0.9883299349340176
303,ADE_val_00000304.jpg,0.08629878550610931,0.07407448106865808,-0.012224304437451233,11,0.9701032780044511
304,ADE_val_00000305.jpg,0.18260338032170548,0.1399968293351458,-0.04260655098655969,10,0.9681065840043924
305,ADE_val_00000306.jpg,0.218009883550292,0.25169075104508376,0.033680867494791766,7,0.985496664946934
306,ADE_val_00000307.jpg,0.1634289371756288,0.2664649491192894,0.1030360119436606,11,0.985260009765625
307,ADE_val_00000308.jpg,0.18381892357171434,0.27441114235855807,0.09059221878684373,15,0.9750722462000375
308,ADE_val_00000309.jpg,0.13131287089058177,0.15874174018489615,0.027428869294314373,16,0.9141341145833334
309,ADE_val_00000310.jpg,0.17149642284381686,0.15148987166863304,-0.020006551175183823,22,0.9036359988670695
310,ADE_val_00000311.jpg,0.21755239928356718,0.23775344161935036,0.02020104233578318,12,0.9830314287173203
311,ADE_val_00000312.jpg,0.2699390975167491,0.2484351472232788,-0.021503950293470298,9,0.983191114568082
312,ADE_val_00000313.jpg,0.4318887704445398,0.4219657109924973,-0.009923059452042526,17,0.8764509983459358
313,ADE_val_00000314.jpg,0.27259193380539615,0.44433014959923967,0.17173821579384352,13,0.9856211344401041
314,ADE_val_00000315.jpg,0.23243205633116373,0.2587729628579628,0.026340906526799074,11,0.8932958912884333
315,ADE_val_00000316.jpg,0.2147950355007258,0.23487548047950776,0.020080444978781975,13,0.9929357751623377
316,ADE_val_00000317.jpg,0.09109974367997582,0.07856094591681265,-0.012538797763163176,16,0.9914747613154172
317,ADE_val_00000318.jpg,0.28112325356944423,0.21130681969374315,-0.06981643387570108,19,0.9908701578776041
318,ADE_val_00000319.jpg,0.22137949979068497,0.2344433000890147,0.013063800298329736,8,0.9840237958715596
319,ADE_val_00000320.jpg,0.2775408168981909,0.4497422885077706,0.17220147160957971,10,0.9839935302734375
320,ADE_val_00000321.jpg,0.11230949854002874,0.1873520105128174,0.07504251197278868,19,0.9798177083333334
321,ADE_val_00000322.jpg,0.3965190329475792,0.38706486634358445,-0.00945416660399473,8,0.9917007119648318
322,ADE_val_00000323.jpg,0.19310283094334565,0.2320800809326949,0.03897724998934923,14,0.9847742716471354
323,ADE_val_00000324.jpg,0.1155945460793278,0.1595876505208101,0.043993104441482286,17,0.9032273746339677
324,ADE_val_00000325.jpg,0.09022441874836316,0.08071198335867023,-0.00951243538969293,5,0.529443359375
325,ADE_val_00000326.jpg,0.20332097528877638,0.17239506688847453,-0.03092590840030185,6,0.9819094223491412
326,ADE_val_00000327.jpg,0.27881693321200046,0.3386481496573947,0.05983121644539424,5,0.9831539394216691
327,ADE_val_00000328.jpg,0.3437265882627725,0.48755126274491667,0.14382467448214414,4,0.97021484375
328,ADE_val_00000329.jpg,0.13219104621259736,0.06127604470097847,-0.07091500151161889,7,0.9495962207174231
329,ADE_val_00000330.jpg,0.2455899579519014,0.24857512503889187,0.002985167086990481,8,0.9875849056603774
330,ADE_val_00000331.jpg,0.1101121830378946,0.1855849208455342,0.0754727378076396,10,0.9783838892961877
331,ADE_val_00000332.jpg,0.049845479288039056,0.10198897412026715,0.0521434948322281,13,0.9289190155228758
332,ADE_val_00000333.jpg,0.11734998840728592,0.18700022527003787,0.06965023686275196,7,0.9804583333333333
333,ADE_val_00000334.jpg,0.38558040330950677,0.2126636308542854,-0.17291677245522136,7,0.9609244791666667
334,ADE_val_00000335.jpg,0.13353403423123056,0.1826595662883936,0.04912553205716305,7,0.9298141052930325
335,ADE_val_00000336.jpg,0.06844592854716255,0.0728298265403898,0.004383897993227248,8,0.9597013333333333
336,ADE_val_00000337.jpg,0.1797395927652789,0.29859530659531264,0.11885571383003374,3,0.7961779184247538
337,ADE_val_00000338.jpg,0.3918207293146986,0.3938352766412699,0.002014547326571303,3,0.8468240986456809
338,ADE_val_00000339.jpg,0.09917585019180736,0.4612012294582019,0.36202537926639455,4,0.977068861371187
339,ADE_val_00000340.jpg,0.07810094033577014,0.1103061929245645,0.032205252588794364,2,0.8681662489557226
340,ADE_val_00000341.jpg,0.0960766026097804,0.12037132875251884,0.024294726142738435,2,0.4184765625
341,ADE_val_00000342.jpg,0.05645075443222072,0.059239696474431634,0.002788942042210911,6,0.9827936264641288
342,ADE_val_00000343.jpg,0.3578772689840926,0.3141134361805099,-0.0437638328035827,6,0.9939320882161459
343,ADE_val_00000344.jpg,0.25376982817448335,0.24511024144571866,-0.008659586728764684,2,0.6223555555555556
344,ADE_val_00000345.jpg,0.23149954849477297,0.30453697791059775,0.07303742941582478,15,0.9870802068081991
345,ADE_val_00000346.jpg,0.2431920751332241,0.3044691886187784,0.06127711348555431,12,0.9839107142857143
346,ADE_val_00000347.jpg,0.12462811130905226,0.1483176144910903,0.023689503182038038,11,0.9769166666666667
347,ADE_val_00000348.jpg,0.062250522484995734,0.07365885802695632,0.011408335541960586,19,0.9752070369692533
348,ADE_val_00000349.jpg,0.3308997782455466,0.37691324322075936,0.04601346497521275,6,0.982879638671875
349,ADE_val_00000350.jpg,0.39047137256695413,0.43532802315752056,0.04485665059056643,4,0.9825592041015625
350,ADE_val_00000351.jpg,0.24685595432919208,0.15437557117964745,-0.09248038314954463,4,0.974029541015625
351,ADE_val_00000352.jpg,0.11312617068213852,0.0502695610028808,-0.06285660967925773,2,0.991535505124451
352,ADE_val_00000353.jpg,0.1739318668395961,0.1959132100244176,0.021981343184821506,4,0.9865247140522876
353,ADE_val_00000354.jpg,0.05660556909712001,0.021194569335680445,-0.03541099976143956,6,0.6591725384333821
354,ADE_val_00000355.jpg,0.034906520028506104,0.043041178464361285,0.008134658435855181,5,0.984688622754491
355,ADE_val_00000356.jpg,0.09959793907013753,0.12082185330585678,0.021223914235719246,10,0.6819060983009708
356,ADE_val_00000357.jpg,0.106486160900577,0.08857319755813242,-0.017912963342444577,4,0.981343984962406
357,ADE_val_00000358.jpg,0.024107205668741433,0.047244236657848375,0.02313703098910694,4,0.9853815885797951
358,ADE_val_00000359.jpg,0.23994766970617495,0.2850088071235597,0.04506113741738474,6,0.9843589743589743
359,ADE_val_00000360.jpg,0.2442642814551141,0.3684050315260856,0.1241407500709715,7,0.9928023197291361
360,ADE_val_00000361.jpg,0.14445942904907957,0.12325108302921868,-0.021208346019860894,2,0.9644775390625
361,ADE_val_00000362.jpg,0.1945721367722728,0.11020622084274949,-0.08436591592952332,3,0.9558563232421875
362,ADE_val_00000363.jpg,0.24793586406247506,0.32113217390378546,0.0731963098413104,1,0.9554595947265625
363,ADE_val_00000364.jpg,0.26836882536620005,0.39564397866290996,0.1272751532967099,5,0.98699951171875
364,ADE_val_00000365.jpg,0.9653925381460434,0.7191245443816787,-0.2462679937643647,3,0.969635009765625
365,ADE_val_00000366.jpg,0.41074987522217865,0.539082147040014,0.12833227181783535,4,0.981048583984375
366,ADE_val_00000367.jpg,0.12550686082907173,0.1581917145691445,0.03268485374007277,4,0.9270477294921875
367,ADE_val_00000368.jpg,0.1589238593642956,0.12638419441695573,-0.03253966494733987,6,0.9771745152354571
368,ADE_val_00000369.jpg,0.2522961434502168,0.2640851396756206,0.011788996225403803,4,0.7114346666666667
369,ADE_val_00000370.jpg,0.29028002270123715,0.2426007953321839,-0.04767922736905325,10,0.981617943548387
370,ADE_val_00000371.jpg,0.18307679212391367,0.187904734146215,0.004827942022301329,3,0.807529968887262
371,ADE_val_00000372.jpg,0.1512875503777357,0.24184242189528385,0.09055487151754815,9,0.8613023883601757
372,ADE_val_00000373.jpg,0.12909967359474447,0.11172209745492898,-0.017377576139815498,6,0.7896001098096632
373,ADE_val_00000374.jpg,0.23688700179856206,0.25810876353175816,0.021221761733196093,11,0.9841953413381985
374,ADE_val_00000375.jpg,0.21590009248302383,0.26676771651350273,0.0508676240304789,11,0.7297023700585652
375,ADE_val_00000376.jpg,0.2725463231262776,0.25990731542405165,-0.012639007702225924,15,0.8969644057219662
376,ADE_val_00000377.jpg,0.16400738960001945,0.14893511544925905,-0.0150722741507604,9,0.6939521522373541
377,ADE_val_00000378.jpg,0.5274495640966935,0.4714492782642748,-0.05600028583241873,3,0.8155729166666666
378,ADE_val_00000379.jpg,0.09410788169665944,0.09306026436974309,-0.0010476173269163558,14,0.9631394125183016
379,ADE_val_00000380.jpg,0.10517757776165566,0.1681098608317398,0.06293228307008412,5,0.9282040229885058
380,ADE_val_00000381.jpg,0.7248623279593481,0.5025886952670704,-0.22227363269227773,6,0.9901702127659574
381,ADE_val_00000382.jpg,0.28703476448774423,0.32119613715219686,0.03416137266445263,13,0.7970542065911731
382,ADE_val_00000383.jpg,0.25815483440158415,0.43940246307987524,0.18124762867829108,3,0.9820646766169154
383,ADE_val_00000384.jpg,0.12311423762208654,0.14004454893290824,0.016930311310821705,14,0.9116923014322916
384,ADE_val_00000385.jpg,0.20433193110228415,0.1470959686560266,-0.05723596244625756,14,0.9626761530014641
385,ADE_val_00000386.jpg,0.1454128277278488,0.1660506714624393,0.02063784373459049,7,0.9910608071010248
386,ADE_val_00000387.jpg,0.22069782183228343,0.22220712468891524,0.0015093028566318112,8,0.9882864488808227
387,ADE_val_00000388.jpg,0.3103949828468744,0.36035497688474505,0.04995999403787066,4,0.7722621934480234
388,ADE_val_00000389.jpg,0.3741787600018318,0.44701492793798536,0.07283616793615355,8,0.9937717331625183
389,ADE_val_00000390.jpg,0.11303617603500622,0.15287945875037118,0.039843282715364955,6,0.9899555555555556
390,ADE_val_00000391.jpg,0.36063259846338214,0.3838923652190821,0.023259766755699962,6,0.9868342789165446
391,ADE_val_00000392.jpg,0.04271410937163234,0.08511096352869556,0.042396854157063214,4,0.9848111979166667
392,ADE_val_00000393.jpg,0.4080623698388409,0.4865688276731814,0.07850645783434046,6,0.72046875
393,ADE_val_00000394.jpg,0.2671549696964488,0.22219558987537474,-0.044959379821074064,4,0.9799851851851852
394,ADE_val_00000395.jpg,0.19039600607711046,0.21259066233048396,0.022194656253373496,6,0.709104
395,ADE_val_00000396.jpg,0.15007753379643532,0.20415072491854178,0.054073191122106457,6,0.849931640625
396,ADE_val_00000397.jpg,0.2220677571830437,0.27427207702003575,0.05220431983699206,6,0.9876556396484375
397,ADE_val_00000398.jpg,0.2297290029783999,0.39471831567885846,0.16498931270045855,5,0.9837239287068639
398,ADE_val_00000399.jpg,0.2981412569048128,0.2158209708430154,-0.08232028606179739,6,0.9669026811859444
399,ADE_val_00000400.jpg,0.06501943004394692,0.062474120714241944,-0.002545309329704974,5,0.7825694444444444
400,ADE_val_00000401.jpg,0.12719173957706068,0.15353943514420712,0.026347695567146445,2,0.9311466439688716
401,ADE_val_00000402.jpg,0.5091638417550641,0.27683716968801564,-0.2323266720670485,4,0.9904491010918675
402,ADE_val_00000403.jpg,0.30972241534776174,0.2389840430663119,-0.07073837228144983,4,0.8094028206758721
403,ADE_val_00000404.jpg,0.3456640643094997,0.35767817363557847,0.01201410932607877,11,0.9562648700585652
404,ADE_val_00000405.jpg,0.22778075270201256,0.2408130448724921,0.013032292170479548,8,0.9349517822265625
405,ADE_val_00000406.jpg,0.2404054045138724,0.2927352226864538,0.052329818172581394,6,0.9801177978515625
406,ADE_val_00000407.jpg,0.3309121973675327,0.40644863096686856,0.07553643359933587,9,0.9806365966796875
407,ADE_val_00000408.jpg,0.324957532280768,0.33402132436944015,0.00906379208867214,4,0.8832855224609375
408,ADE_val_00000409.jpg,0.5034470254002199,0.5056937946632025,0.0022467692629826175,8,0.977935791015625
409,ADE_val_00000410.jpg,0.11019333193193519,0.01984188150427862,-0.09035145042765656,10,0.8821563720703125
410,ADE_val_00000411.jpg,0.2330025335632774,0.2687820858107449,0.03577955224746751,11,0.9783172607421875
411,ADE_val_00000412.jpg,0.5428585949827294,0.43678450335364094,-0.10607409162908843,7,0.973602294921875
412,ADE_val_00000413.jpg,0.4661771885107743,0.4752551582729148,0.009077969762140536,8,0.980926513671875
413,ADE_val_00000414.jpg,0.3757956128917745,0.27236111076721764,-0.10343450212455685,5,0.974822998046875
414,ADE_val_00000415.jpg,0.34277921366920283,0.29480880841562407,-0.04797040525357876,7,0.976837158203125
415,ADE_val_00000416.jpg,0.38161347288136954,0.3937317616861596,0.012118288804790045,6,0.9630279541015625
416,ADE_val_00000417.jpg,0.3064706107674221,0.27541224047607465,-0.031058370291347448,10,0.9775390625
417,ADE_val_00000418.jpg,0.3198176336877661,0.38165035868032415,0.06183272499255804,8,0.9944294472913616
418,ADE_val_00000419.jpg,0.1612455664257207,0.22179612334401638,0.060550556918295695,3,0.9805145263671875
419,ADE_val_00000420.jpg,0.3082663966402619,0.25588488389207603,-0.052381512748185866,15,0.965278413250366
420,ADE_val_00000421.jpg,0.04486011800931856,0.08202500912428645,0.037164891114967895,11,0.867950439453125
421,ADE_val_00000422.jpg,0.2147202452514142,0.23627610117915715,0.02155585592774295,5,0.7732487646412884
422,ADE_val_00000423.jpg,0.28683177861082537,0.3147419595363926,0.02791018092556724,10,0.9420954200219619
423,ADE_val_00000424.jpg,0.17970272202091173,0.16666160212419623,-0.013041119896715497,16,0.9705730440499671
424,ADE_val_00000425.jpg,0.16246737838693812,0.20757488123553317,0.04510750284859505,8,0.9628135279605263
425,ADE_val_00000426.jpg,0.2732624788495039,0.3427459987623568,0.0694835199128529,8,0.979029955037064
426,ADE_val_00000427.jpg,0.13463958779277793,0.14278553061262422,0.008145942819846291,10,0.9733652425243393
427,ADE_val_00000428.jpg,0.12713136989083526,0.11917584178787044,-0.00795552810296482,7,0.9819482911789298
428,ADE_val_00000429.jpg,0.2779580500454434,0.3272285739543953,0.049270523908951924,10,0.9895337664714495
429,ADE_val_00000430.jpg,0.45372216990755176,0.4016658513033445,-0.052056318604207286,10,0.7245
430,ADE_val_00000431.jpg,0.4609198562639089,0.34389879449297794,-0.11702106177093097,11,0.9861413043478261
431,ADE_val_00000432.jpg,0.1772527512422601,0.20631676423312897,0.029064012990868887,12,0.9808513497372193
432,ADE_val_00000433.jpg,0.27931089945393783,0.17194651836892838,-0.10736438108500945,11,0.9676175878477306
433,ADE_val_00000434.jpg,0.5786676455128256,0.6327088116706832,0.05404116615785759,8,0.9892420845534406
434,ADE_val_00000435.jpg,0.44635502198767646,0.5637446114069102,0.11738958941923378,6,0.9894372419028671
435,ADE_val_00000436.jpg,0.44723936034782136,0.3062210161828573,-0.14101834416496406,9,0.9928251967423133
436,ADE_val_00000437.jpg,0.23182020037638248,0.1824414164283694,-0.049378783948013094,7,0.9937831716691069
437,ADE_val_00000438.jpg,0.22104320864209745,0.1569628280968087,-0.06408038054528875,8,0.9819924337957124
438,ADE_val_00000439.jpg,0.11462058906846487,0.09611274573361474,-0.01850784333485013,7,0.969124611090776
439,ADE_val_00000440.jpg,0.589406992952431,0.4912088904720537,-0.09819810248037736,3,0.44523510971786834
440,ADE_val_00000441.jpg,0.16571151788695124,0.17398024339961085,0.008268725512659614,7,0.39078193722283433
441,ADE_val_00000442.jpg,0.17556792227346574,0.2834689947061432,0.10790107243267744,5,0.6858716493101245
442,ADE_val_00000443.jpg,0.5708236028252537,0.31902644850989126,-0.2517971543153624,3,0.7021636962890625
443,ADE_val_00000444.jpg,0.304889869901164,0.31726044984461593,0.01237057994345192,11,0.9897775835275835
444,ADE_val_00000445.jpg,0.46534645233805655,0.43696553636740215,-0.028380915970654397,6,0.9812870497036024
445,ADE_val_00000446.jpg,0.27997794728779557,0.35548358626568366,0.07550563897788809,5,0.9326958272327965
446,ADE_val_00000447.jpg,0.24848399736600216,0.26244114423554094,0.013957146869538778,6,0.9036026362559242
447,ADE_val_00000448.jpg,0.06424415693460153,0.12948233985122481,0.06523818291662328,15,0.8771626984126984
448,ADE_val_00000449.jpg,0.2535235676469075,0.31424928326089563,0.06072571561398815,5,0.4698333740234375
449,ADE_val_00000450.jpg,0.16004072231041747,0.11470793359531715,-0.04533278871510031,6,0.9686746487070758
450,ADE_val_00000451.jpg,0.14118253626380417,0.17728723415723333,0.036104697893429155,7,0.7995887856881405
451,ADE_val_00000452.jpg,0.29319295807119794,0.27832371139656853,-0.01486924667462941,7,0.9923007305780355
452,ADE_val_00000453.jpg,0.05688136802013001,0.07472230562298009,0.017840937602850077,3,0.40133430179355783
453,ADE_val_00000454.jpg,0.22196560458318884,0.2573528178383912,0.03538721325520236,9,0.9875388632015306
454,ADE_val_00000455.jpg,0.577659418758727,0.6433050158899949,0.06564559713126794,6,0.6515859489385066
455,ADE_val_00000456.jpg,0.2495090361271933,0.2867575641519715,0.03724852802477821,12,0.99456
456,ADE_val_00000457.jpg,0.052840150078225984,0.07526320187208536,0.02242305179385938,8,0.9898518518518519
457,ADE_val_00000458.jpg,0.1540283900541858,0.14159507325030216,-0.012433316803883654,11,0.9681351802708639
458,ADE_val_00000459.jpg,0.37608979363028006,0.42191376263888375,0.04582396900860369,11,0.9538403003246754
459,ADE_val_00000460.jpg,0.07098390519396738,0.08962386704464677,0.018639961850679385,18,0.9753596608231707
460,ADE_val_00000461.jpg,0.1965388219204711,0.28311749806645425,0.08657867614598316,19,0.8988092514641288
461,ADE_val_00000462.jpg,0.34781306805748324,0.47247845108215825,0.124665383024675,10,0.9513777777777778
462,ADE_val_00000463.jpg,0.18911713592132298,0.2085106173598714,0.01939348143854841,20,0.7440745035807291
463,ADE_val_00000464.jpg,0.112732096409493,0.21007908213423165,0.09734698572473865,14,0.88451171875
464,ADE_val_00000465.jpg,0.331833831536563,0.5322557781905913,0.20042194665402835,7,0.8138066440455342
465,ADE_val_00000466.jpg,0.13937430516275087,0.25206211075836304,0.11268780559561217,13,0.7266998291015625
466,ADE_val_00000467.jpg,0.33375640082373237,0.41679855323208326,0.08304215240835089,9,0.9123981972913616
467,ADE_val_00000468.jpg,0.4530986609245789,0.6188989840406827,0.16580032311610376,10,0.9406280517578125
468,ADE_val_00000469.jpg,0.19727338332984432,0.1868372989204107,-0.01043608440943361,16,0.8672189558931186
469,ADE_val_00000470.jpg,0.13825182430927233,0.17706364447037823,0.0388118201611059,12,0.873046875
470,ADE_val_00000471.jpg,0.28500148224059885,0.38547792461062674,0.1004764423700279,13,0.969329833984375
471,ADE_val_00000472.jpg,0.12024275979251879,0.13752059264562136,0.017277832853102568,23,0.6936110221449487
472,ADE_val_00000473.jpg,0.20559455314935607,0.20178756799514158,-0.0038069851542144872,18,0.9041012982070366
473,ADE_val_00000474.jpg,0.3015732719168678,0.36671168504941165,0.06513841313254387,14,0.9728421257320644
474,ADE_val_00000475.jpg,0.2589824636448645,0.35463370517237564,0.09565124152751114,12,0.9587327278550513
475,ADE_val_00000476.jpg,0.31808758609928117,0.3158827398431566,-0.0022048462561245485,11,0.890625
476,ADE_val_00000477.jpg,0.21185925644037534,0.25472022913426334,0.042860972693888,15,0.9540122922437673
477,ADE_val_00000478.jpg,0.2196290541286925,0.23994240554000415,0.02031335141131166,11,0.9557925925925926
478,ADE_val_00000479.jpg,0.0946538380782256,0.18516796332305702,0.09051412524483142,7,0.795613904648609
479,ADE_val_00000480.jpg,0.1934040520418076,0.2871483802838551,0.09374432824204748,10,0.8755232038361509
480,ADE_val_00000481.jpg,0.22023591263951126,0.22524378565400563,0.005007873014494374,10,0.9797223874450952
481,ADE_val_00000482.jpg,0.13400163525339465,0.1587928183914619,0.024791183138067246,15,0.9823760986328125
482,ADE_val_00000483.jpg,0.3985832428180763,0.4599457143101071,0.061362471492030835,9,0.8784983915441177
483,ADE_val_00000484.jpg,0.07877356066099994,0.11813874981649729,0.039365189155497346,6,0.9361572265625
484,ADE_val_00000485.jpg,0.20497486444934843,0.19711700754902708,-0.007857856900321342,17,0.9750548763217523
485,ADE_val_00000486.jpg,0.2787861757351517,0.17638006383334787,-0.10240611190180382,9,0.81036376953125
486,ADE_val_00000487.jpg,0.06615139627447912,0.1118089204563402,0.04565752418186107,5,0.8990925604423868
487,ADE_val_00000488.jpg,0.44973821277963805,0.5771096022625137,0.12737138948287569,10,0.95770263671875
488,ADE_val_00000489.jpg,0.3514451193933548,0.3803888788094665,0.02894375941611166,10,0.9958518518518519
489,ADE_val_00000490.jpg,0.8367196540342279,0.859850344116762,0.0231306900825341,4,0.978412017167382
490,ADE_val_00000491.jpg,0.17189789479152073,0.215304916207514,0.04340702141599326,10,0.9811323076923076
491,ADE_val_00000492.jpg,0.11648067331753971,0.13989968726453392,0.023419013946994208,5,0.9826812744140625
492,ADE_val_00000493.jpg,0.19841259041557635,0.20406791783162692,0.005655327416050571,9,0.9768112875183016
493,ADE_val_00000494.jpg,0.31857881632614404,0.2541807434801154,-0.06439807284602866,4,0.9275333333333333
494,ADE_val_00000495.jpg,0.07971903814705253,0.10328382517658224,0.023564787029529716,14,0.9685669838945827
495,ADE_val_00000496.jpg,0.5446067941502953,0.4413558778694391,-0.10325091628085625,6,0.9908320369692533
496,ADE_val_00000497.jpg,0.27277792314845584,0.3093830986849727,0.036605175536516876,4,0.9424153645833333
497,ADE_val_00000498.jpg,0.16016531454367422,0.13119738526166844,-0.028967929282005783,13,0.9732539119692533
498,ADE_val_00000499.jpg,0.2703555260392425,0.2598116469435474,-0.010543879095695097,10,0.8942108154296875
499,ADE_val_00000500.jpg,0.05679354747053714,0.06609416279589282,0.009300615325355685,8,0.8870104319180088
500,ADE_val_00000501.jpg,0.22869056658663106,0.22577699532843426,-0.002913571258196801,11,0.9795200056221889
501,ADE_val_00000502.jpg,0.20287471040424085,0.2542127936169065,0.05133808321266567,11,0.8562945849546044
502,ADE_val_00000503.jpg,0.09714201682939932,0.1603435728757679,0.06320155604636857,11,0.9767045454545454
503,ADE_val_00000504.jpg,0.24767630044492514,0.162122120466189,-0.08555417997873613,5,0.9914177215189873
504,ADE_val_00000505.jpg,0.0027010840644701765,0.003430058671373786,0.0007289746069036097,7,0.598130948023426
505,ADE_val_00000506.jpg,0.3445380061322738,0.3961560454536672,0.051618039321393416,12,0.9671274820963541
506,ADE_val_00000507.jpg,0.22547708050915932,0.3015758046202847,0.0760987241111254,21,0.9923481481481482
507,ADE_val_00000508.jpg,0.30363715108028966,0.44415057878884884,0.14051342770855918,7,0.9748065476190476
508,ADE_val_00000509.jpg,0.27377766747566945,0.2603267718962405,-0.013450895579428968,17,0.9910600024768824
509,ADE_val_00000510.jpg,0.2514034056995967,0.28210036688532353,0.030696961185726845,17,0.9584426879882812
510,ADE_val_00000511.jpg,0.2610741720345851,0.3772062979232423,0.11613212588865718,14,0.990107421875
511,ADE_val_00000512.jpg,0.28808918118041077,0.33178626765534125,0.04369708647493048,15,0.9950166666666667
512,ADE_val_00000513.jpg,0.14653906248292384,0.18793496406287208,0.04139590157994824,10,0.991424560546875
513,ADE_val_00000514.jpg,0.11607715806030261,0.13081179865691886,0.01473464059661625,23,0.9136479695638021
514,ADE_val_00000515.jpg,0.2577780902614265,0.33230282892809926,0.07452473866667275,14,0.9942344764610389
515,ADE_val_00000516.jpg,0.16460641211358942,0.21473981672168405,0.05013340460809462,23,0.9720382690429688
516,ADE_val_00000517.jpg,0.27897853567675734,0.3334517079593894,0.05447317228263204,14,0.9911982548701299
517,ADE_val_00000518.jpg,0.16605362961475997,0.22268018230347095,0.056626552688710974,18,0.9900229978354979
518,ADE_val_00000519.jpg,0.21169088819735388,0.2405190311866582,0.028828142989304334,17,0.9544226157948644
519,ADE_val_00000520.jpg,0.36659018739869303,0.5245578955619762,0.15796770816328315,18,0.9868087768554688
520,ADE_val_00000521.jpg,0.182444373767363,0.20593376983542458,0.02348939606806158,20,0.9448750813802084
521,ADE_val_00000522.jpg,0.6072854343077088,0.5101504826369424,-0.09713495167076636,11,0.9861577351888021
522,ADE_val_00000523.jpg,0.11871883133895786,0.1225972180716222,0.0038783867326643434,15,0.97314453125
523,ADE_val_00000524.jpg,0.1815049885358713,0.2303239519554719,0.0488189634196006,12,0.9915011896046853
524,ADE_val_00000525.jpg,0.12330007330484379,0.16626808800372025,0.04296801469887647,20,0.983184814453125
525,ADE_val_00000526.jpg,0.12655477128107964,0.1788061881283815,0.05225141684730186,23,0.9865137736002604
526,ADE_val_00000527.jpg,0.17840858308047344,0.13968872961061163,-0.038719853469861815,21,0.9891362783674963
527,ADE_val_00000528.jpg,0.1258485165923174,0.14290282158226505,0.017054304989947644,12,0.9585268347364568
528,ADE_val_00000529.jpg,0.2409960175821243,0.29306501749767605,0.05206899991555175,17,0.9678287760416666
529,ADE_val_00000530.jpg,0.13176682594601213,0.1761236734399061,0.04435684749389396,16,0.9379568326271186
530,ADE_val_00000531.jpg,0.16191936779231506,0.2043726437230372,0.04245327593072215,27,0.9755559114202049
531,ADE_val_00000532.jpg,0.16457916966800273,0.17685512198022119,0.012275952312218452,20,0.9873749799164524
532,ADE_val_00000533.jpg,0.1315561732137985,0.12913157082514456,-0.0024246023886539403,9,0.9679178486456809
533,ADE_val_00000534.jpg,0.0958668115343108,0.08764722776278347,-0.00821958377152733,12,0.98072049689441
534,ADE_val_00000535.jpg,0.16119827423776983,0.18459659973381884,0.023398325496049005,12,0.9872403459004392
535,ADE_val_00000536.jpg,0.03304073240376727,0.03269941185536132,-0.0003413205484059517,3,0.20298201866764276
536,ADE_val_00000537.jpg,0.41458218263355223,0.4215312580914274,0.0069490754578751535,4,0.978479262672811
537,ADE_val_00000538.jpg,0.16686431583982542,0.14744039983038543,-0.01942391600943999,6,0.9897714285714285
538,ADE_val_00000539.jpg,0.307793605184806,0.19808990907938231,-0.10970369610542366,7,0.9936824522453083
539,ADE_val_00000540.jpg,0.24716205721013396,0.3170654076155132,0.06990335040537926,8,0.6487177434114202
540,ADE_val_00000541.jpg,0.22903257400235583,0.3068242197493993,0.07779164574704345,3,0.5187509093554489
541,ADE_val_00000542.jpg,0.1369424916023967,0.1292080599878907,-0.007734431614505988,5,0.9764338168008785
542,ADE_val_00000543.jpg,0.21181795740700807,0.15545923508392784,-0.05635872232308023,5,0.9891086608138239
543,ADE_val_00000544.jpg,0.23537449322069542,0.3030125196583016,0.06763802643760619,8,0.892620525404157
544,ADE_val_00000545.jpg,0.2828206211838863,0.29695608370080984,0.014135462516923547,5,0.9918900988286969
545,ADE_val_00000546.jpg,0.0420371201792521,0.10975406491204259,0.0677169447327905,4,0.9480822825292398
546,ADE_val_00000547.jpg,0.21648236810559987,0.2043176737367572,-0.012164694368842682,7,0.9837637763909175
547,ADE_val_00000548.jpg,0.3249631764336517,0.3551476413558279,0.03018446492217619,7,0.9939576088945827
548,ADE_val_00000549.jpg,0.31096915505299855,0.28086628777233513,-0.030102867280663415,5,0.9891880341880341
549,ADE_val_00000550.jpg,0.0760534695411604,0.08790797030084431,0.011854500759683903,4,0.978243898186199
550,ADE_val_00000551.jpg,0.1742903056179951,0.14387715985582608,-0.030413145762169025,7,0.9842091416544656
551,ADE_val_00000552.jpg,0.14480372249745577,0.3212252421521863,0.17642151965473052,11,0.99075
552,ADE_val_00000553.jpg,0.2760449067582137,0.40723255623860777,0.13118764948039408,4,0.9813690185546875
553,ADE_val_00000554.jpg,0.5372964567862298,0.4086962907597721,-0.12860016602645774,3,0.98541259765625
554,ADE_val_00000555.jpg,0.23746444041756712,0.19091282177750765,-0.04655161864005947,5,0.9910074869791666
555,ADE_val_00000556.jpg,0.22916404571767401,0.3447870808714987,0.11562303515382466,6,0.9908205984626647
556,ADE_val_00000557.jpg,0.4058506755042763,0.3409145976838147,-0.06493607782046157,4,0.9837646484375
557,ADE_val_00000558.jpg,0.8916610954223176,0.6003585224418635,-0.29130257298045414,2,0.2675933837890625
558,ADE_val_00000559.jpg,0.6544527652914676,0.7498393150751429,0.09538654978367533,4,0.9759368896484375
559,ADE_val_00000560.jpg,0.26100528397233935,0.3680294471284851,0.10702416315614577,5,0.970794677734375
560,ADE_val_00000561.jpg,0.39632196867785413,0.3890911187078875,-0.007230849969966646,7,0.9788673590775988
561,ADE_val_00000562.jpg,0.2398685035174591,0.19954272745745552,-0.040325776060003565,5,0.9855
562,ADE_val_00000563.jpg,0.10209202811131737,0.22087496422718986,0.11878293611587248,3,0.7793696706740185
563,ADE_val_00000564.jpg,0.28556826151781484,0.26504407393299984,-0.020524187584815,8,0.9770457769033675
564,ADE_val_00000565.jpg,0.19006403373492958,0.2073284537019041,0.017264419966974504,6,0.8938446044921875
565,ADE_val_00000566.jpg,0.06006991557184718,0.10373641154248134,0.043666495970634156,3,0.9929624588213762
566,ADE_val_00000567.jpg,0.31180701724415627,0.4105641014614439,0.09875708421728763,7,0.991143736273792
567,ADE_val_00000568.jpg,0.19920039020574146,0.18259401497628183,-0.016606375229459625,14,0.9831939741947291
568,ADE_val_00000569.jpg,0.4205195800134317,0.4374935677106933,0.016973987697261606,8,0.9975693173499268
569,ADE_val_00000570.jpg,0.10480129030211767,0.15610114477942597,0.051299854477308296,8,0.986190862920937
570,ADE_val_00000571.jpg,0.31748377256788346,0.3951961691734294,0.07771239660554596,13,0.9870802068081991
571,ADE_val_00000572.jpg,0.1691379795245132,0.20698073321384988,0.03784275368933668,10,0.97857567715959
572,ADE_val_00000573.jpg,0.26437047602527175,0.26586507093944156,0.0014945949141698112,15,0.9943951317715959
573,ADE_val_00000574.jpg,0.4400450066828776,0.3032206624149473,-0.13682434426793033,5,0.98822119784041
574,ADE_val_00000575.jpg,0.04094895778099367,0.053998261686785225,0.013049303905791558,6,0.7670891288433382
575,ADE_val_00000576.jpg,0.16107786647288552,0.34624943324401497,0.18517156677112945,5,0.9371425466691069
576,ADE_val_00000577.jpg,0.3868359423008658,0.5460241707499784,0.15918822844911262,8,0.952001166727672
577,ADE_val_00000578.jpg,0.13759152884080852,0.2649231881771609,0.12733165933635235,5,0.9367507778184481
578,ADE_val_00000579.jpg,0.28942511074226834,0.2889388842567532,-0.0004862264855151621,13,0.9696507823938506
579,ADE_val_00000580.jpg,0.22613350260558218,0.15038923922791186,-0.07574426337767032,4,0.9611358642578125
580,ADE_val_00000581.jpg,0.21686431389797775,0.2162994000155112,-0.0005649138824665445,5,0.9956047538433382
581,ADE_val_00000582.jpg,0.3914085798403073,0.32805757904998917,-0.06335100079031813,8,0.9627648014275256
582,ADE_val_00000583.jpg,0.1870418938259078,0.28033965322974813,0.09329775940384033,12,0.9909893164348462
583,ADE_val_00000584.jpg,0.32364844018950073,0.3420417949875961,0.018393354798095396,6,0.9825648563323572
584,ADE_val_00000585.jpg,0.27844830976336904,0.24307394849634015,-0.03537436126702889,10,0.986960102489019
585,ADE_val_00000586.jpg,0.3255174859545529,0.43262995504948415,0.10711246909493127,6,0.9911723325402635
586,ADE_val_00000587.jpg,0.04901810132240573,0.08870165937777515,0.03968355805536942,4,0.9955389824304539
587,ADE_val_00000588.jpg,0.2735584326013959,0.22790395135108407,-0.045654481250311824,9,0.9708947199853587
588,ADE_val_00000589.jpg,0.1798375615088472,0.17737065347050113,-0.002466908038346066,6,0.9797481240849195
589,ADE_val_00000590.jpg,0.4582125207470984,0.38886882062295325,-0.06934370012414515,11,0.9945323938506588
590,ADE_val_00000591.jpg,0.044130356520168786,0.055777685406353784,0.011647328886184999,7,0.7214609260614934
591,ADE_val_00000592.jpg,0.43963256993138117,0.49544882642349836,0.05581625649211719,7,0.9816240391654466
592,ADE_val_00000593.jpg,0.3030338646353865,0.26456656100132014,-0.03846730363406636,13,0.6332929172767203
593,ADE_val_00000594.jpg,0.23136145435241026,0.2214482360756767,-0.009913218276733554,8,0.9865140007320644
594,ADE_val_00000595.jpg,0.2556641965529512,0.23943344415077458,-0.016230752402176613,6,0.8774049460102489
595,ADE_val_00000596.jpg,0.3904167476068759,0.32288561749862654,-0.06753113010824935,5,0.9891880580357143
596,ADE_val_00000597.jpg,0.41335550667681,0.3848191783615814,-0.028536328315228565,10,0.9677176747803806
597,ADE_val_00000598.jpg,0.37065297737409025,0.3350600803954154,-0.03559289697867485,8,0.9794936173133236
598,ADE_val_00000599.jpg,0.29651847720214153,0.23272464078816305,-0.06379383641397848,7,0.9893912073161857
599,ADE_val_00000600.jpg,0.31085697449072663,0.25189022900111396,-0.05896674548961267,7,0.8830834469180675
600,ADE_val_00000601.jpg,0.27285550554606874,0.4090671261124901,0.13621162056642133,2,0.356946386946387
601,ADE_val_00000602.jpg,0.4925841004169646,0.6058886252616663,0.11330452484470172,6,0.8824350292825769
602,ADE_val_00000603.jpg,0.15013172257355703,0.21048804656632453,0.0603563239927675,6,0.936279296875
603,ADE_val_00000604.jpg,0.022166275887297308,0.04068542466131096,0.018519148774013654,8,0.890025246181672
604,ADE_val_00000605.jpg,0.1928928673944968,0.21569754793019805,0.022804680535701255,19,0.976104736328125
605,ADE_val_00000606.jpg,0.2529483460675956,0.25705689255523395,0.004108546487638365,4,0.7755297589045699
606,ADE_val_00000607.jpg,0.1353074146380141,0.18617850105801262,0.05087108641999852,7,0.91744140625
607,ADE_val_00000608.jpg,0.3707621932368602,0.29664909949720647,-0.07411309373965375,4,0.8311178768382353
608,ADE_val_00000609.jpg,0.18595609033904997,0.2302934144339953,0.04433732409494534,5,0.762542724609375
609,ADE_val_00000610.jpg,0.2109591236867795,0.19058299374818882,-0.02037612993859067,5,0.9893445692883895
610,ADE_val_00000611.jpg,0.11147492080666899,0.19100663235213922,0.07953171154547023,5,0.988916015625
611,ADE_val_00000612.jpg,0.15411938751404836,0.17392256256072425,0.01980317504667589,5,0.9819481481481481
612,ADE_val_00000613.jpg,0.07737348083369575,0.07063622310687052,-0.0067372577268252215,9,0.91156005859375
613,ADE_val_00000614.jpg,0.04028119775073108,0.05815461868396276,0.01787342093323168,2,0.9694976806640625
614,ADE_val_00000615.jpg,0.027474571642293288,0.041226694920833196,0.013752123278539908,4,0.9544612794612795
615,ADE_val_00000616.jpg,0.2746636629105855,0.08312478638686492,-0.1915388765237206,5,0.9885546666666667
616,ADE_val_00000617.jpg,0.2942892256032162,0.32729443971716066,0.03300521411394447,4,0.9953451882845188
617,ADE_val_00000618.jpg,0.1719193996615252,0.19450371484837625,0.022584315186851056,11,0.9831016168793504
618,ADE_val_00000619.jpg,0.30116394609212527,0.3195796927085661,0.018415746616440853,9,0.982037794661991
619,ADE_val_00000620.jpg,0.19634818417849909,0.14977986049293357,-0.046568323685565516,6,0.362077347181552
620,ADE_val_00000621.jpg,0.13281195621594838,0.16726243325078796,0.03445047703483958,7,0.9783809699428361
621,ADE_val_00000622.jpg,0.23142251263193422,0.39336393434617284,0.16194142171423861,8,0.9891946666666667
622,ADE_val_00000623.jpg,0.03459878340168421,0.059695967055512354,0.025097183653828146,4,0.9878988561107767
623,ADE_val_00000624.jpg,0.11380190039781533,0.08606696829903947,-0.027734932098775866,5,0.9872474111070382
624,ADE_val_00000625.jpg,0.4034290021663674,0.3843755437469497,-0.01905345841941769,4,0.9818498498498498
625,ADE_val_00000626.jpg,0.18989759256508779,0.17941308320876886,-0.010484509356318922,4,0.965728759765625
626,ADE_val_00000627.jpg,0.07611345869187706,0.2605060067798152,0.18439254808793815,2,0.9873353115727003
627,ADE_val_00000628.jpg,0.008129131509838676,0.04487096512862808,0.0367418336187894,4,0.9746063211972303
628,ADE_val_00000629.jpg,0.2046026010902022,0.33672559601464036,0.13212299492443816,8,0.9789670329670329
629,ADE_val_00000630.jpg,0.11899072834172127,0.2059571552933432,0.08696642695162195,5,0.9880787037037037
630,ADE_val_00000631.jpg,0.40521712250055913,0.39871961596209415,-0.006497506538464981,8,0.981568
631,ADE_val_00000632.jpg,0.1989812487709881,0.17066647107819924,-0.028314777692788867,5,0.9062957763671875
632,ADE_val_00000633.jpg,0.3074229540469839,0.3199162037361095,0.01249324968912563,6,0.7523970037453184
633,ADE_val_00000634.jpg,0.04136124831621079,0.03636357041907969,-0.0049976778971310976,6,0.6686615469568062
634,ADE_val_00000635.jpg,0.06361319368230772,0.0946960402273698,0.031082846545062076,4,0.9824576822916666
635,ADE_val_00000636.jpg,0.19287268548487108,0.23862122056836196,0.04574853508349089,10,0.9854101848462665
636,ADE_val_00000637.jpg,0.32032360967030055,0.3514257191485981,0.031102109478297557,6,0.9823704017203514
637,ADE_val_00000638.jpg,0.32809186576877114,0.24774463849623138,-0.08034722727253976,6,0.9892660550458715
638,ADE_val_00000639.jpg,0.33721318999288813,0.3790985326019098,0.04188534260902166,8,0.878411534590044
639,ADE_val_00000640.jpg,0.29061507453032054,0.3295802301693913,0.03896515563907077,10,0.9909112040911204
640,ADE_val_00000641.jpg,0.3482507533952353,0.1796283346491739,-0.1686224187460614,7,0.9815666666666667
641,ADE_val_00000642.jpg,0.2961112575899847,0.2181177653513531,-0.07799349223863158,3,0.9777831470854726
642,ADE_val_00000643.jpg,0.3735903493124519,0.4029414176815882,0.029351068369136313,10,0.9902380952380953
643,ADE_val_00000644.jpg,0.3915028872521284,0.39068394455044264,-0.0008189427016857542,5,0.9890590684480234
644,ADE_val_00000645.jpg,0.24482559094903547,0.26578092478597143,0.020955333836935958,8,0.8335268347364568
645,ADE_val_00000646.jpg,0.19637048823150968,0.26310563821932764,0.06673514998781796,12,0.974273681640625
646,ADE_val_00000647.jpg,0.20790020010858157,0.1990492164029263,-0.008850983705655263,13,0.891387939453125
647,ADE_val_00000648.jpg,0.12522495145769802,0.11427436752451052,-0.0109505839331875,12,0.9390869140625
648,ADE_val_00000649.jpg,0.1232067906818142,0.1361877188037471,0.012980928121932911,16,0.8907892804698972
649,ADE_val_00000650.jpg,0.5519698471082971,0.571309316545435,0.019339469437137935,9,0.9909561128526646
650,ADE_val_00000651.jpg,0.2316407223380783,0.2893474406900523,0.057706718351973996,5,0.7956682206682206
651,ADE_val_00000652.jpg,0.12296423192134749,0.16454951835724727,0.041585286435899774,3,0.9921119791666667
652,ADE_val_00000653.jpg,0.2267210359235857,0.24145407299551808,0.014733037071932381,12,0.9730326704545454
653,ADE_val_00000654.jpg,0.10874404680161727,0.06667416318500918,-0.042069883616608086,6,0.9842234476858267
654,ADE_val_00000655.jpg,0.18434874137619103,0.12083012141163886,-0.06351861996455217,6,0.92669921875
655,ADE_val_00000656.jpg,0.04765899367464227,0.028145291490241867,-0.019513702184400402,6,0.9935675675675676
656,ADE_val_00000657.jpg,0.054586082134565055,0.05417320446131351,-0.0004128776732515438,8,0.9539740740740741
657,ADE_val_00000658.jpg,0.1915541924489017,0.0869017454449555,-0.1046524470039462,2,0.9896373333333334
658,ADE_val_00000659.jpg,0.07781222609758519,0.08289343960027161,0.005081213502686421,7,0.7724564564564564
659,ADE_val_00000660.jpg,0.22875841761394933,0.25286503328900084,0.024106615675051513,10,0.9856477864583333
660,ADE_val_00000661.jpg,0.0996627044391387,0.13178589444905386,0.03212319000991516,7,0.9680336426914153
661,ADE_val_00000662.jpg,0.2276601049075016,0.2812117539129829,0.05355164900548132,10,0.9816726528184481
662,ADE_val_00000663.jpg,0.1579276435018125,0.1671075624002633,0.009179918898450823,6,0.96380615234375
663,ADE_val_00000664.jpg,0.25967251169667716,0.28905473345055643,0.02938222175387928,6,0.9908328726736687
664,ADE_val_00000665.jpg,0.12320622494199626,0.05317126112577459,-0.07003496381622168,3,0.5857919776370136
665,ADE_val_00000666.jpg,0.04264085553555711,0.11456832891289107,0.07192747337733396,6,0.6387160633484162
666,ADE_val_00000667.jpg,0.1838651375987504,0.2889509361008413,0.10508579850209093,7,0.9834432234432234
667,ADE_val_00000668.jpg,0.11186790881087096,0.07274644264403764,-0.03912146616683332,3,0.7820449727437916
668,ADE_val_00000669.jpg,0.16217844422085564,0.1285407655714005,-0.03363767864945513,5,0.9863196594427245
669,ADE_val_00000670.jpg,0.1736003216483689,0.1084766714963018,-0.06512365015206709,7,0.9899455527086384
670,ADE_val_00000671.jpg,0.2178666824563675,0.25302368781681384,0.03515700536044633,7,0.9843552465233881
671,ADE_val_00000672.jpg,0.11161824827132052,0.08064386818233572,-0.0309743800889848,8,0.9772024170931275
672,ADE_val_00000673.jpg,0.20803330041937862,0.21426237085113492,0.006229070431756301,15,0.973606500691563
673,ADE_val_00000674.jpg,0.1377188080265649,0.16451538644414954,0.02679657841758465,5,0.9881057359063224
674,ADE_val_00000675.jpg,0.1833802473190282,0.17329797281220818,-0.010082274506820005,5,0.9897486368815104
675,ADE_val_00000676.jpg,0.19759620127926816,0.18243738468604803,-0.015158816593220131,5,0.9837916666666666
676,ADE_val_00000677.jpg,0.47792314231303,0.39954257270359367,-0.07838056960943635,6,0.9776891928989752
677,ADE_val_00000678.jpg,0.41341986255735824,0.3002450949839751,-0.11317476757338313,4,0.8262141927083333
678,ADE_val_00000679.jpg,0.057113827838776686,0.07562075469148369,0.018506926852707002,8,0.6323545903110048
679,ADE_val_00000680.jpg,0.10364389466880085,0.14286242905044236,0.03921853438164151,12,0.9847139385906781
680,ADE_val_00000681.jpg,0.10894019467842607,0.1222554849308418,0.013315290252415735,4,0.5072
681,ADE_val_00000682.jpg,0.24345188606642212,0.3021456119252681,0.058693725858845996,10,0.9765480055658627
682,ADE_val_00000683.jpg,0.35125333820045096,0.20702685308001553,-0.14422648512043543,5,0.7689
683,ADE_val_00000684.jpg,0.1250900140564665,0.1712097606363253,0.04611974657985879,4,0.9597916666666667
684,ADE_val_00000685.jpg,0.018390698370472504,0.018479349017992468,8.865064751996388e-05,6,0.9871609137482154
685,ADE_val_00000686.jpg,0.2300182563442615,0.32724016966994196,0.09722191332568045,6,0.968448
686,ADE_val_00000687.jpg,0.2002043027876917,0.243743127184988,0.04353882439729631,11,0.987689307284041
687,ADE_val_00000688.jpg,0.14067514676514917,0.1526433482197936,0.011968201454644445,11,0.943466819221968
688,ADE_val_00000689.jpg,0.13319149934900704,0.19158322327361363,0.05839172392460659,9,0.9397115756871854
689,ADE_val_00000690.jpg,0.2490051790438007,0.24559908188695873,-0.0034060971568419807,8,0.9926336017569546
690,ADE_val_00000691.jpg,0.42754289871145756,0.40499202878512586,-0.022550869926331707,3,0.9988132549414348
691,ADE_val_00000692.jpg,0.5036047880772445,0.4302394596530125,-0.07336532842423199,5,0.9846666819180088
692,ADE_val_00000693.jpg,0.3981212213877984,0.3381699833948148,-0.059951237992983575,5,0.9602283125915081
693,ADE_val_00000694.jpg,0.6426309290894595,0.5974690899767984,-0.04516183911266114,6,0.9554346182917611
694,ADE_val_00000695.jpg,0.5832908207242108,0.46400734723779785,-0.11928347348641294,7,0.9838052450109707
695,ADE_val_00000696.jpg,0.3725710791815096,0.29803443535422125,-0.07453664382728836,13,0.9963396778916545
696,ADE_val_00000697.jpg,0.2054639265935904,0.1363674958721436,-0.06909643072144678,16,0.9838304093567252
697,ADE_val_00000698.jpg,0.20173753067428854,0.2741249131342557,0.07238738245996715,15,0.9894879518072289
698,ADE_val_00000699.jpg,0.13493379480271905,0.24005774603765984,0.10512395123494078,15,0.9925638834635416
699,ADE_val_00000700.jpg,0.22350554783418766,0.16463612397707914,-0.05886942385710853,14,0.9783068722547584
700,ADE_val_00000701.jpg,0.2999534338632198,0.3901305880188425,0.09017715415562266,5,0.98480224609375
701,ADE_val_00000702.jpg,0.33735426977792154,0.325237491199651,-0.012116778578270537,4,0.9868621826171875
702,ADE_val_00000703.jpg,0.2507767837309867,0.24165365319726045,-0.009123130533726265,4,0.9945323938506588
703,ADE_val_00000704.jpg,0.1513583433516658,0.1713514432515287,0.01999309989986292,12,0.9870899470899471
704,ADE_val_00000705.jpg,0.23580073015422,0.2806155368452973,0.044814806691077264,7,0.8755256064690027
705,ADE_val_00000706.jpg,0.21653983669946247,0.29266626490732606,0.07612642820786358,7,0.9672544152635432
706,ADE_val_00000707.jpg,0.09329881073517389,0.08108318508702833,-0.012215625648145559,11,0.9939347318814056
707,ADE_val_00000708.jpg,0.15424444602394774,0.17391854680273833,0.019674100778790587,8,0.9469173333333334
708,ADE_val_00000709.jpg,0.19128354822116111,0.21776866495072217,0.026485116729561053,13,0.9893925984700521
709,ADE_val_00000710.jpg,0.128997522124918,0.1556686788749331,0.026671156750015107,10,0.8787832860541728
710,ADE_val_00000711.jpg,0.1723839954198246,0.11892236437444346,-0.05346163104538114,4,0.9946700203617199
711,ADE_val_00000712.jpg,0.16139190349077867,0.10303258967167842,-0.058359313819100256,7,0.8457213556349057
712,ADE_val_00000713.jpg,0.3266809546828562,0.33226650999767526,0.0055855553148190795,6,0.8694626405838718
713,ADE_val_00000714.jpg,0.39046087481803454,0.5575186966815363,0.16705782186350177,8,0.9855806327160493
714,ADE_val_00000715.jpg,0.4057642481098347,0.514731280963789,0.10896703285395426,9,0.9824962252928258
715,ADE_val_00000716.jpg,0.25599619900927195,0.44996649263149635,0.1939702936222244,8,0.9893661446681581
716,ADE_val_00000717.jpg,0.4705071271624818,0.43148141445045723,-0.03902571271202454,9,0.9558530838213762
717,ADE_val_00000718.jpg,0.25322442118154775,0.3663321738028287,0.11310775262128092,7,0.9901106728029805
718,ADE_val_00000719.jpg,0.05898052917805517,0.13840157592692745,0.07942104674887228,3,0.4672706789083558
719,ADE_val_00000720.jpg,0.24287355234402447,0.24149603933535255,-0.0013775130086719212,4,0.9892131331699346
720,ADE_val_00000721.jpg,0.09578714467095213,0.14618547648810318,0.050398331817151046,4,0.8249110728628801
721,ADE_val_00000722.jpg,0.2250279234524071,0.23977610568382968,0.014748182231422574,6,0.9887841868138841
722,ADE_val_00000723.jpg,0.34510424647663457,0.42390001482031514,0.07879576834368057,9,0.9154223184771458
723,ADE_val_00000724.jpg,0.11356227721873925,0.11370302352335954,0.00014074630462028448,17,0.9853158171669106
724,ADE_val_00000725.jpg,0.43676812378332946,0.3249970228597727,-0.11177110092355674,9,0.9809555555555556
725,ADE_val_00000726.jpg,0.19789956291223354,0.18219847737237824,-0.015701085539855303,11,0.9876759259259259
726,ADE_val_00000727.jpg,0.26294226209376015,0.23428496538544608,-0.028657296708314073,4,0.7391864492692405
727,ADE_val_00000728.jpg,0.11999921702876507,0.17188245159306653,0.05188323456430147,9,0.9078562874251497
728,ADE_val_00000729.jpg,0.04520407545840586,0.07028504348251545,0.02508096802410959,12,0.9844095238095238
729,ADE_val_00000730.jpg,0.22657696940502087,0.13366516910123516,-0.09291180030378571,4,0.6220617529880478
730,ADE_val_00000731.jpg,0.36092953568206276,0.2222545950340168,-0.13867494064804597,6,0.987689307284041
731,ADE_val_00000732.jpg,0.3395221837306966,0.2887889952947658,-0.050733188435930776,3,0.98321533203125
732,ADE_val_00000733.jpg,0.506057376577475,0.5354263450486944,0.029368968471219392,5,0.9894197025401069
733,ADE_val_00000734.jpg,0.35429027522302314,0.4606528472398795,0.10636257201685634,7,0.9799588477366256
734,ADE_val_00000735.jpg,0.10131005062817089,0.09415230701930598,-0.007157743608864911,10,0.9681037037037037
735,ADE_val_00000736.jpg,0.21062562174605978,0.21646569242006578,0.005840070674005993,9,0.8699939024390244
736,ADE_val_00000737.jpg,0.38258165941983585,0.27499635479025436,-0.10758530462958149,9,0.9787890625
737,ADE_val_00000738.jpg,0.2937710478750383,0.3828562837966742,0.08908523592163586,4,0.19328816731770834
738,ADE_val_00000739.jpg,0.3675707627701322,0.2928497027039655,-0.07472106006616669,6,0.9858054296475995
739,ADE_val_00000740.jpg,0.9634286549577284,0.9655858204885517,0.002157165530823235,3,0.8038104021990741
740,ADE_val_00000741.jpg,0.025407582451805952,0.032149540318934446,0.006741957867128494,5,0.9836774134576461
741,ADE_val_00000742.jpg,0.42257549688874146,0.6202636802123016,0.19768818332356014,3,0.9920234163279132
742,ADE_val_00000743.jpg,0.4270299093814935,0.3871466035200332,-0.03988330586146027,8,0.9858476771390374
743,ADE_val_00000744.jpg,0.19424253850151738,0.1549361437860055,-0.039306394715511866,5,0.991864406779661
744,ADE_val_00000745.jpg,0.0752412274873456,0.08858041224978828,0.013339184762442682,7,0.5645576131687243
745,ADE_val_00000746.jpg,0.10765955516846223,0.09627185094488623,-0.011387704223576003,9,0.9459958333333334
746,ADE_val_00000747.jpg,0.14225071941450107,0.13388932144871904,-0.00836139796578203,10,0.9253386666666666
747,ADE_val_00000748.jpg,0.14410653386627018,0.24130892457558373,0.09720239070931355,8,0.8553744612068965
748,ADE_val_00000749.jpg,0.1679157717375883,0.19278068342662327,0.024864911689034985,9,0.8695616064882697
749,ADE_val_00000750.jpg,0.2939958908529646,0.27020934766478116,-0.023786543188183462,4,0.24304255097794425
750,ADE_val_00000751.jpg,0.051206194061163966,0.1461124227473723,0.09490622868620832,5,0.3948111979166667
751,ADE_val_00000752.jpg,0.05762939595531491,0.04332931809281236,-0.01430007786250255,8,0.7468682408074983
752,ADE_val_00000753.jpg,0.4976382138258657,0.453609966588016,-0.044028247237849705,2,0.07364066989942529
753,ADE_val_00000754.jpg,0.19468458256165816,0.19851461359696868,0.003830031035310516,7,0.9783782958984375
754,ADE_val_00000755.jpg,0.44941814323207957,0.5294965999187731,0.0800784566866935,5,0.9886075949367089
755,ADE_val_00000756.jpg,0.5368832865371135,0.42578329093364725,-0.11109999560346623,6,0.974334716796875
756,ADE_val_00000757.jpg,0.5106465036628073,0.5110712282520853,0.0004247245892780027,5,0.97991943359375
757,ADE_val_00000758.jpg,0.5881192596124061,0.5069115197037277,-0.08120773990867836,4,0.982177734375
758,ADE_val_00000759.jpg,0.5105505947575794,0.6373462497663568,0.12679565500877743,4,0.9835205078125
759,ADE_val_00000760.jpg,0.6887300062600127,0.848791035551991,0.1600610292919783,3,0.9752349853515625
760,ADE_val_00000761.jpg,0.8098252227851009,0.6460701742348033,-0.16375504855029765,4,0.983245849609375
761,ADE_val_00000762.jpg,0.7247502758150812,0.7160866883738525,-0.008663587441228748,3,0.9786376953125
762,ADE_val_00000763.jpg,0.6339743824559216,0.6495630231607431,0.015588640704821466,3,0.9809386666666666
763,ADE_val_00000764.jpg,0.48504236977006565,0.5264024619352997,0.041360092165234064,2,0.9735260009765625
764,ADE_val_00000765.jpg,0.4888664262200455,0.6867188356771324,0.19785240945708693,3,0.98388671875
765,ADE_val_00000766.jpg,0.9764990234893289,0.9774104674093069,0.0009114439199779945,2,0.9849395751953125
766,ADE_val_00000767.jpg,0.49247580215335846,0.4987778652861403,0.0063020631327818655,3,0.9852294921875
767,ADE_val_00000768.jpg,0.07008455579001514,0.10604125404734893,0.03595669825733379,8,0.31194580750688705
768,ADE_val_00000769.jpg,0.1452860016892526,0.1823092598611985,0.037023258171945905,5,0.9863433837890625
769,ADE_val_00000770.jpg,0.10890951659266072,0.18611816725404168,0.07720865066138095,4,0.9835188802083333
770,ADE_val_00000771.jpg,0.227409921576834,0.14299352558067582,-0.08441639599615819,5,0.6000823045267489
771,ADE_val_00000772.jpg,0.1484231271447793,0.263015921747863,0.11459279460308369,5,0.8641122185308232
772,ADE_val_00000773.jpg,0.2161623881432371,0.21040681212575357,-0.005755576017483527,8,0.9719877597857962
773,ADE_val_00000774.jpg,0.45395151112051274,0.2749047878369643,-0.17904672328354843,7,0.9878997802734375
774,ADE_val_00000775.jpg,0.03581365093683328,0.20340054185094675,0.16758689091411347,9,0.985382080078125
775,ADE_val_00000776.jpg,0.2744081352510962,0.2801714757806509,0.005763340529554684,5,0.5341176470588235
776,ADE_val_00000777.jpg,0.299266558718842,0.34517410980290125,0.04590755108405925,13,0.9929024066617862
777,ADE_val_00000778.jpg,0.24708160359710857,0.345096335908307,0.09801473231119845,11,0.9670435587565104
778,ADE_val_00000779.jpg,0.4869506760490001,0.5064632781144928,0.019512602065492657,10,0.9846549479166666
779,ADE_val_00000780.jpg,0.3108669587567983,0.34201051050883663,0.031143551752038312,12,0.9760735038433382
780,ADE_val_00000781.jpg,0.2152044652100147,0.2847762249851933,0.06957175977517857,15,0.9547893027086384
781,ADE_val_00000782.jpg,0.29454162743977813,0.306219267195671,0.011677639755892866,7,0.9931940885797951
782,ADE_val_00000783.jpg,0.3470426706219,0.31530023784008837,-0.0317424327818116,12,0.9819300192166911
783,ADE_val_00000784.jpg,0.38820161255200003,0.44449312176497885,0.05629150921297882,9,0.9894136621522694
784,ADE_val_00000785.jpg,0.1692575815925734,0.20420851837935028,0.03495093678677688,19,0.9478886922200521
785,ADE_val_00000786.jpg,0.3960811469198935,0.5167809307084691,0.1206997837885756,11,0.9843978770131772
786,ADE_val_00000787.jpg,0.3120636660888549,0.3060889430302801,-0.005974723058574771,11,0.9834141654465594
787,ADE_val_00000788.jpg,0.3319447945011346,0.2999798339801897,-0.03196496052094494,14,0.982679241398243
788,ADE_val_00000789.jpg,0.25987788622409164,0.2538293842105213,-0.006048502013570323,11,0.9725247071742313
789,ADE_val_00000790.jpg,0.4413508387413814,0.4639486841595776,0.02259784541819615,9,0.9945867267569546
790,ADE_val_00000791.jpg,0.25601366412588294,0.2980811987107752,0.04206753458489226,16,0.9924219893850659
791,ADE_val_00000792.jpg,0.37265927719827696,0.3528565490238411,-0.019802728174435846,13,0.9785670982796486
792,ADE_val_00000793.jpg,0.44471314928370276,0.43442138950486353,-0.010291759778839227,8,0.9849440657027818
793,ADE_val_00000794.jpg,0.38464502634791103,0.4372189517351552,0.05257392538724415,7,0.9480577415812591
794,ADE_val_00000795.jpg,0.6183155106702879,0.4851001257191224,-0.13321538495116547,8,0.982880859375
795,ADE_val_00000796.jpg,0.24607107773795298,0.259990109095255,0.01391903135730202,11,0.9229873947657394
796,ADE_val_00000797.jpg,0.5582765487478135,0.6454825563386202,0.08720600759080666,10,0.9743748856149341
797,ADE_val_00000798.jpg,0.29495313715558585,0.2881159280696532,-0.006837209085932661,13,0.9707517386530015
798,ADE_val_00000799.jpg,0.35180468843365587,0.3538606892635208,0.002056000829864957,12,0.9918958180819912
799,ADE_val_00000800.jpg,0.2560844645339542,0.2097056202963471,-0.04637884423760713,8,0.9775061767935578
800,ADE_val_00000801.jpg,0.4793491319100479,0.5868715415595561,0.10752240964950821,6,0.9952501601390923
801,ADE_val_00000802.jpg,0.24473754810617504,0.26223203633856706,0.017494488232392025,16,0.9896166956442167
802,ADE_val_00000803.jpg,0.2893511819934389,0.26908436667184316,-0.020266815321595744,12,0.9489728221083455
803,ADE_val_00000804.jpg,0.3397630207705846,0.292893747626638,-0.04686927314394662,9,0.9775833867130308
804,ADE_val_00000805.jpg,0.4924453764050721,0.5277670617812985,0.03532168537622643,9,0.9928881085285505
805,ADE_val_00000806.jpg,0.3258513176735946,0.36471471291877133,0.038863395245176735,10,0.9885929493045388
806,ADE_val_00000807.jpg,0.27355581970078785,0.28319150078580024,0.009635681085012393,12,0.9749982842240117
807,ADE_val_00000808.jpg,0.2990569342822923,0.3887279529497039,0.08967101866741162,12,0.9829880810761347
808,ADE_val_00000809.jpg,0.364079591147557,0.40544796586720117,0.04136837471964416,7,0.981967194363104
809,ADE_val_00000810.jpg,0.2610101373808518,0.29154603706088045,0.030535899680028622,10,0.987491993045388
810,ADE_val_00000811.jpg,0.5034928216514546,0.4562726803801004,-0.04722014127135421,9,0.972255859375
811,ADE_val_00000812.jpg,0.7150393604915862,0.7163666839693139,0.0013273234777276821,6,0.8850115528916545
812,ADE_val_00000813.jpg,0.3771489368228407,0.35972621157287443,-0.017422725249966242,12,0.9897453788433382
813,ADE_val_00000814.jpg,0.1347272432980164,0.19462434755006022,0.05989710425204381,8,0.9670428028916545
814,ADE_val_00000815.jpg,0.20881998251114914,0.2676903867886989,0.05887040427754975,12,0.9845494372254758
815,ADE_val_00000816.jpg,0.6191574724014288,0.6507125768770459,0.031555104475617046,7,0.9869915583821376
816,ADE_val_00000817.jpg,0.3571882490377613,0.35848256117254496,0.0012943121347836484,9,0.9938232064421669
817,ADE_val_00000818.jpg,0.5204040720001478,0.590192702623006,0.06978863062285823,5,0.9834027269399708
818,ADE_val_00000819.jpg,0.12903969166048243,0.18105960776816304,0.052019916107680614,19,0.9700797263909224
819,ADE_val_00000820.jpg,0.6137758882667582,0.6257983457771318,0.012022457510373563,7,0.9793792322474377
820,ADE_val_00000821.jpg,0.2822871029510718,0.2755535761403045,-0.006733526810767276,11,0.9865997895314788
821,ADE_val_00000822.jpg,0.3286128061668877,0.3870427252079446,0.05842991904105688,13,0.9748753202781845
822,ADE_val_00000823.jpg,0.3811806645881999,0.46373573637677157,0.08255507178857169,8,0.9897739751098097
823,ADE_val_00000824.jpg,0.26652186610300005,0.33471225030498414,0.06819038420198409,9,0.9760191709370425
824,ADE_val_00000825.jpg,0.26379655590592505,0.2591015963105995,-0.004694959595325565,12,0.9201106103587116
825,ADE_val_00000826.jpg,0.28101041635880913,0.28267991918406865,0.0016695028252595168,15,0.9938918374816984
826,ADE_val_00000827.jpg,0.40116883846010726,0.4265441598223626,0.025375321362255343,12,0.9758933473645681
827,ADE_val_00000828.jpg,0.2933484722961804,0.24619652483867924,-0.04715194745750115,14,0.9536769079428989
828,ADE_val_00000829.jpg,0.423643773659413,0.3867101135854251,-0.036933660073987906,11,0.9721014824304539
829,ADE_val_00000830.jpg,0.2188976851637197,0.23646273746832738,0.01756505230460767,15,0.9846581030380673
830,ADE_val_00000831.jpg,0.2840086201763944,0.2578020151116447,-0.0262066050647497,12,0.8066063094802343
831,ADE_val_00000832.jpg,0.4192019475576568,0.3848758306073023,-0.03432611695035448,8,0.9887731057833089
832,ADE_val_00000833.jpg,0.2838553263394233,0.4706203180492684,0.18676499170984512,8,0.9768799185578331
833,ADE_val_00000834.jpg,0.4161690370719079,0.4857769120115169,0.06960787493960902,10,0.9858133922035139
834,ADE_val_00000835.jpg,0.3406888987356469,0.21131180899047428,-0.12937708974517262,8,0.9823675420937042
835,ADE_val_00000836.jpg,0.26018188930057956,0.2846041757198106,0.024422286419231054,16,0.9692304172767203
836,ADE_val_00000837.jpg,0.2592938175039049,0.20999714429424607,-0.04929667320965883,16,0.981849949670571
837,ADE_val_00000838.jpg,0.46660742624322654,0.43492059810770956,-0.03168682813551699,9,0.9712321559297218
838,ADE_val_00000839.jpg,0.22020190895478145,0.20029142426565058,-0.01991048468913087,13,0.9570846557617188
839,ADE_val_00000840.jpg,0.17960946390046284,0.2175770083101149,0.037967544409652054,12,0.9834627790995608
840,ADE_val_00000841.jpg,0.3428631927858148,0.36343598121299087,0.02057278842717608,13,0.9854176839192709
841,ADE_val_00000842.jpg,0.25084411261629,0.2115210187451133,-0.03932309387117672,15,0.9693791178623719
842,ADE_val_00000843.jpg,0.2693427982418844,0.256174671995887,-0.013168126245997391,15,0.9491443997071742
843,ADE_val_00000844.jpg,0.35829051187386773,0.40959848783959596,0.051307975965728225,10,0.9879409544289898
844,ADE_val_00000845.jpg,0.4610118258732664,0.45841549925289,-0.002596326620376399,10,0.9909206853953147
845,ADE_val_00000846.jpg,0.2749655630846345,0.32748396868232915,0.05251840559769466,9,0.9869429447291361
846,ADE_val_00000847.jpg,0.2763867183582565,0.2998757258802846,0.023489007522028094,13,0.9891562957540263
847,ADE_val_00000848.jpg,0.38658245194872415,0.45519676610950843,0.06861431416078428,9,0.9915069088579795
848,ADE_val_00000849.jpg,0.2712269792897114,0.3396411989642222,0.06841421967451078,13,0.9442344207540263
849,ADE_val_00000850.jpg,0.18684865042006257,0.21642831520506278,0.02957966478500021,8,0.941563529465593
850,ADE_val_00000851.jpg,0.3714564465917539,0.34863834970983226,-0.022818096881921657,13,0.9827106972913616
851,ADE_val_00000852.jpg,0.43909832104272245,0.3529842192663479,-0.08611410177637457,9,0.9778607704978038
852,ADE_val_00000853.jpg,0.4534888437706612,0.43661073236260134,-0.016878111408059837,11,0.9876406936310396
853,ADE_val_00000854.jpg,0.5102101670556174,0.505658471176825,-0.004551695878792339,8,0.9823932787335286
854,ADE_val_00000855.jpg,0.27566917255433926,0.3688486579591822,0.09317948540484294,15,0.9791218658491947
855,ADE_val_00000856.jpg,0.28475113658302137,0.33130857798383,0.04655744140080864,14,0.9893907851390923
856,ADE_val_00000857.jpg,0.23029528986939957,0.18107186995988914,-0.04922341990951043,14,0.9724217606149341
857,ADE_val_00000858.jpg,0.49912183972890145,0.3942486776998618,-0.10487316202903962,11,0.9847724881039531
858,ADE_val_00000859.jpg,0.1238611338527075,0.16074903288915027,0.03688789903644277,13,0.9870087161420205
859,ADE_val_00000860.jpg,0.4394303595958471,0.4233496712868685,-0.016080688308978575,10,0.9905975475841874
860,ADE_val_00000861.jpg,0.2728403648928087,0.3380749725564885,0.06523460766367978,6,0.9736785888671875
861,ADE_val_00000862.jpg,0.3056917872232796,0.34567533032581416,0.03998354310253455,11,0.9805450439453125
862,ADE_val_00000863.jpg,0.6173296430443982,0.5741665743745143,-0.04316306866988384,7,0.9835968017578125
863,ADE_val_00000864.jpg,0.5178455807237925,0.7667812505991705,0.24893566987537796,5,0.984344482421875
864,ADE_val_00000865.jpg,0.25346837776957215,0.2253372436184274,-0.028131134151144738,10,0.9732513427734375
865,ADE_val_00000866.jpg,0.4990596576329088,0.5350311719768679,0.035971514343959066,8,0.957061767578125
866,ADE_val_00000867.jpg,0.31811247726489966,0.27438207707681883,-0.04373040018808083,10,0.956787109375
867,ADE_val_00000868.jpg,0.3917787048096143,0.3558335008658651,-0.03594520394374917,7,0.9824981689453125
868,ADE_val_00000869.jpg,0.38414926893109885,0.3183042062328834,-0.06584506269821544,9,0.9830474853515625
869,ADE_val_00000870.jpg,0.4807977383427343,0.4418993026761827,-0.0388984356665516,7,0.97186279296875
870,ADE_val_00000871.jpg,0.504755488601536,0.5116194825278515,0.006863993926315537,9,0.9815826416015625
871,ADE_val_00000872.jpg,0.4176990540651959,0.3367059945929274,-0.08099305947226854,7,0.9818267822265625
872,ADE_val_00000873.jpg,0.21149489431506374,0.2888764200380438,0.07738152572298007,8,0.939178466796875
873,ADE_val_00000874.jpg,0.3030608445187722,0.3046184990802659,0.0015576545614937043,6,0.9176828063241107
874,ADE_val_00000875.jpg,0.24591714027523606,0.1553970883816835,-0.09052005189355256,8,0.9716782841823056
875,ADE_val_00000876.jpg,0.6267611957782289,0.5495509844333138,-0.07721021134491501,5,0.992752
876,ADE_val_00000877.jpg,0.13755236908360502,0.13512612177983907,-0.0024262473037659493,7,0.925752441698226
877,ADE_val_00000878.jpg,0.0336183388264671,0.05242603957309295,0.018807700746625848,3,0.2773313253012048
878,ADE_val_00000879.jpg,0.09617609361166869,0.08290884154950988,-0.013267252062158813,8,0.9895726495726496
879,ADE_val_00000880.jpg,0.14668547242759178,0.1898689458997732,0.04318347347218143,11,0.9755208333333333
880,ADE_val_00000881.jpg,0.05226980055323387,0.05122661109983162,-0.0010431894534022462,7,0.9032921519846207
881,ADE_val_00000882.jpg,0.28667365087375907,0.23050526409759728,-0.05616838677616179,6,0.9346527777777778
882,ADE_val_00000883.jpg,0.2388767326110058,0.22594671409140327,-0.012930018519602543,12,0.9845416092858548
883,ADE_val_00000884.jpg,0.2761601384911894,0.25926375401656526,-0.01689638447462416,3,0.295806884765625
884,ADE_val_00000885.jpg,0.5760861576708046,0.6603836742969152,0.08429751662611062,6,0.9796909315519766
885,ADE_val_00000886.jpg,0.24157875298311265,0.24910825832178976,0.007529505338677106,7,0.9837080178801546
886,ADE_val_00000887.jpg,0.08950439159774645,0.318966433006922,0.22946204140917556,6,0.9558290297769476
887,ADE_val_00000888.jpg,0.22061640851700573,0.3203098975260156,0.09969348900900984,9,0.9565845272206304
888,ADE_val_00000889.jpg,0.2121543697067778,0.2376682402515012,0.0255138705447234,10,0.9140300546448088
889,ADE_val_00000890.jpg,0.07426950175821351,0.08408191933768487,0.009812417579471364,12,0.9927164713541666
890,ADE_val_00000891.jpg,0.47909928686507425,0.46939812935055997,-0.00970115751451428,4,0.9901914806002928
891,ADE_val_00000892.jpg,0.3435091899441632,0.49719177795171726,0.15368258800755408,10,0.9873925925925926
892,ADE_val_00000893.jpg,0.033246189246541616,0.02460188351503991,-0.008644305731501704,5,0.9892533333333333
893,ADE_val_00000894.jpg,0.28613846991332215,0.17528695648555107,-0.11085151342777108,2,0.431365966796875
894,ADE_val_00000895.jpg,0.20754595969004194,0.16968582671821408,-0.03786013297182786,10,0.9711384553821528
895,ADE_val_00000896.jpg,0.2291622326889371,0.2805764787925653,0.051414246103628214,2,0.7922481240849195
896,ADE_val_00000897.jpg,0.3118671802343737,0.23961441186928786,-0.07225276836508585,6,0.9884490966796875
897,ADE_val_00000898.jpg,0.04825266308604516,0.16953497240877877,0.12128230932273361,7,0.9464569091796875
898,ADE_val_00000899.jpg,0.3198805242444015,0.40877489943417744,0.08889437518977594,7,0.6531578947368422
899,ADE_val_00000900.jpg,0.5351874762793157,0.45677116408030516,-0.07841631219901057,3,0.9879150390625
900,ADE_val_00000901.jpg,0.3078998113988649,0.27182203604981947,-0.03607777534904544,7,0.7968027210884354
901,ADE_val_00000902.jpg,0.1497969213821711,0.1388956625177993,-0.010901258864371793,5,0.4791231231231231
902,ADE_val_00000903.jpg,0.5608299665345832,0.3126947566441401,-0.24813520989044308,3,0.8313590271832192
903,ADE_val_00000904.jpg,0.16842154427916187,0.22880713490039473,0.06038559062123286,3,0.7456533333333333
904,ADE_val_00000905.jpg,0.32307942922674654,0.43777319175451723,0.11469376252777069,6,0.982574462890625
905,ADE_val_00000906.jpg,0.5837180563755985,0.48104790385350127,-0.10267015252209721,5,0.8649600739596879
906,ADE_val_00000907.jpg,0.1012858790045033,0.12396687102487022,0.022680992020366927,7,0.9884559396052676
907,ADE_val_00000908.jpg,0.42012644377885106,0.3026155977682629,-0.11751084601058814,9,0.9735741901537335
908,ADE_val_00000909.jpg,0.14512932870468392,0.14228729244937477,-0.002842036255309155,9,0.7935333251953125
909,ADE_val_00000910.jpg,0.3435653404401453,0.3674994584090331,0.02393411796888778,9,0.98625
910,ADE_val_00000911.jpg,0.29493930319976874,0.2433558299696719,-0.05158347323009685,10,0.980991452991453
911,ADE_val_00000912.jpg,0.27675385784981393,0.39937888296919605,0.12262502511938211,4,0.9705810546875
912,ADE_val_00000913.jpg,0.10246098188754223,0.10537064173991086,0.002909659852368629,4,0.6689871519272109
913,ADE_val_00000914.jpg,0.4194209325102117,0.3276421744467489,-0.09177875806346275,7,0.7121321614583334
914,ADE_val_00000915.jpg,0.36745079501895467,0.5931325373074955,0.22568174228854082,3,0.8850986666666667
915,ADE_val_00000916.jpg,0.32102664992025665,0.4439426456150077,0.12291599569475103,4,0.8284333333333334
916,ADE_val_00000917.jpg,0.19635983386399572,0.22447218705657035,0.02811235319257463,9,0.9906818742945824
917,ADE_val_00000918.jpg,0.10406043339661993,0.12472618041849651,0.020665747021876582,3,0.9821273334553441
918,ADE_val_00000919.jpg,0.28606024792387197,0.213100088490094,-0.07296015943377798,5,0.9898154438405797
919,ADE_val_00000920.jpg,0.1738855900278697,0.1829566657531797,0.00907107572530999,7,0.8306721148870105
920,ADE_val_00000921.jpg,0.17169630163493318,0.20444129173940442,0.03274499010447124,10,0.9781181368960469
921,ADE_val_00000922.jpg,0.26581262507254344,0.2288278864751993,-0.036984738597344136,7,0.9726689656575521
922,ADE_val_00000923.jpg,0.09686442253366619,0.09481312174260287,-0.002051300791063318,2,0.8508064516129032
923,ADE_val_00000924.jpg,0.115374527208157,0.053688559239371984,-0.06168596796878501,4,0.5934581728743471
924,ADE_val_00000925.jpg,0.45190166431672985,0.6791806543797978,0.22727899006306795,9,0.9843583333333333
925,ADE_val_00000926.jpg,0.05789854350528022,0.1258722574521032,0.06797371394682299,9,0.9252150229357798
926,ADE_val_00000927.jpg,0.29189448848142296,0.2844998527189606,-0.007394635762462354,6,0.5978933333333334
927,ADE_val_00000928.jpg,0.2237200844829231,0.19038335161778458,-0.033336732865138524,6,0.9118663067349927
928,ADE_val_00000929.jpg,0.15588092016574964,0.1343681098540801,-0.021512810311669545,8,0.9077592592592593
929,ADE_val_00000930.jpg,0.23143785393618885,0.1826339449660505,-0.04880390897013834,4,0.6520533025818438
930,ADE_val_00000931.jpg,0.36871123153103497,0.3392885256577057,-0.02942270587332929,9,0.9821158854166666
931,ADE_val_00000932.jpg,0.3590242650749961,0.4187989873836555,0.059774722308659434,7,0.9437052408854166
932,ADE_val_00000933.jpg,0.1948774013841808,0.2491677056905904,0.054290304306409604,7,0.9307912190755209
933,ADE_val_00000934.jpg,0.08415720926084369,0.05608252367616825,-0.028074685584675442,5,0.9846838396778916
934,ADE_val_00000935.jpg,0.44907172086972674,0.4887926848904936,0.03972096402076686,4,0.9904748908296943
935,ADE_val_00000936.jpg,0.2000842539426878,0.22543640180563215,0.025352147862944346,3,0.7002679286858975
936,ADE_val_00000937.jpg,0.2567227952083009,0.29143145646560764,0.03470866125730676,12,0.9226814147144948
937,ADE_val_00000938.jpg,0.25082517778388397,0.3050545824258232,0.054229404641939205,6,0.9603271484375
938,ADE_val_00000939.jpg,0.2705245623464451,0.2494962603777062,-0.02102830196873892,15,0.9575859988547121
939,ADE_val_00000940.jpg,0.2727679894285631,0.1903995595072168,-0.08236842992134633,11,0.9691705171854734
940,ADE_val_00000941.jpg,0.5836612583482096,0.6276201975549549,0.04395893920674532,5,0.9954986572265625
941,ADE_val_00000942.jpg,0.9181530284601394,0.9674816939646339,0.04932866550449455,3,0.9954341042584435
942,ADE_val_00000943.jpg,0.1694856112073155,0.142079385060683,-0.027406226146632517,6,0.9129034608378871
943,ADE_val_00000944.jpg,0.05053251846601174,0.12393598141724782,0.07340346295123608,2,0.46155517935578333
944,ADE_val_00000945.jpg,0.4209642371023139,0.2747891222112489,-0.146175114891065,3,0.9775238037109375
945,ADE_val_00000946.jpg,0.34164292055502177,0.3342157568186688,-0.007427163736352993,9,0.9614150576500732
946,ADE_val_00000947.jpg,0.12760114668961847,0.12281795170475387,-0.004783194984864597,12,0.9231275164714495
947,ADE_val_00000948.jpg,0.1373092414265125,0.17255619700499686,0.03524695557848437,2,0.5969407407407408
948,ADE_val_00000949.jpg,0.2597795207550353,0.3349198772155103,0.07514035646047501,18,0.8997598492217899
949,ADE_val_00000950.jpg,0.3012025379664702,0.25518783469240536,-0.046014703274064817,13,0.9644777136981402
950,ADE_val_00000951.jpg,0.28973357102909403,0.46540720724584284,0.1756736362167488,13,0.9788130261713031
951,ADE_val_00000952.jpg,0.3211228469400832,0.21938384254953056,-0.10173900439055264,2,0.1394197164523574
952,ADE_val_00000953.jpg,0.3862749108742652,0.6868764450051963,0.3006015341309311,4,0.988494873046875
953,ADE_val_00000954.jpg,0.21713700297422014,0.5583989195279994,0.34126191655377924,4,0.9819592373438527
954,ADE_val_00000955.jpg,0.016814885166637886,0.04914954239336902,0.03233465722673114,1,0.35345458984375
955,ADE_val_00000956.jpg,0.6384867730088327,0.6603108033301203,0.021824030321287546,5,0.9443359375
956,ADE_val_00000957.jpg,0.004397759157911954,0.002427024559263795,-0.001970734598648159,2,0.9873976524477527
957,ADE_val_00000958.jpg,0.5070840215350978,0.7333605804030936,0.2262765588679958,4,0.9865875244140625
958,ADE_val_00000959.jpg,0.4057845647172373,0.4648722297468669,0.059087665029629644,8,0.989799711749634
959,ADE_val_00000960.jpg,0.414712563333846,0.5218040607101557,0.10709149737630974,11,0.9900027452415813
960,ADE_val_00000961.jpg,0.2856510178941396,0.3371140524005164,0.05146303450637679,11,0.9911265785139092
961,ADE_val_00000962.jpg,0.32121814652533076,0.27994298033982096,-0.041275166185509804,14,0.9832819667431193
962,ADE_val_00000963.jpg,0.17241343841136494,0.17565735915539135,0.0032439207440264073,19,0.932764458272328
963,ADE_val_00000964.jpg,0.3938340258788101,0.2326657622050667,-0.1611682636737434,5,0.9788592592592592
964,ADE_val_00000965.jpg,0.16339490921373928,0.2922368321611993,0.12884192294746,20,0.9162216186523438
965,ADE_val_00000966.jpg,0.15782049658758196,0.1518406625165104,-0.005979834071071555,15,0.9826863606770834
966,ADE_val_00000967.jpg,0.20791168391463974,0.30651211653666866,0.09860043262202892,23,0.9808171590169271
967,ADE_val_00000968.jpg,0.3201952552308996,0.39507911803057505,0.07488386279967546,13,0.9868399981698389
968,ADE_val_00000969.jpg,0.18627437014955214,0.24968769757872658,0.06341332742917444,17,0.9862416585286459
969,ADE_val_00000970.jpg,0.2018396062336842,0.20625151984228815,0.004411913608603962,17,0.9802056643484627
970,ADE_val_00000971.jpg,0.2561344972645872,0.2623751993810924,0.006240702116505181,11,0.9893307329795022
971,ADE_val_00000972.jpg,0.07076301211102419,0.05926677838095039,-0.011496233730073802,22,0.9407399792884991
972,ADE_val_00000973.jpg,0.1694408768456996,0.13211081110479728,-0.037330065740902335,7,0.9922704291727672
973,ADE_val_00000974.jpg,0.27158162526844387,0.4524402175003637,0.1808585922319198,3,0.981231689453125
974,ADE_val_00000975.jpg,0.2626598046331023,0.197361300900868,-0.06529850373223428,3,0.979705810546875
975,ADE_val_00000976.jpg,0.27566324060473296,0.24107972083856682,-0.03458351976616614,3,0.9803466796875
976,ADE_val_00000977.jpg,0.24512067057237227,0.25702361958716147,0.011902949014789194,13,0.6629529648609077
977,ADE_val_00000978.jpg,0.38866709897850094,0.5301504970555158,0.14148339807701482,3,0.9823760986328125
978,ADE_val_00000979.jpg,0.5149079122599398,0.3985143420353885,-0.11639357022455132,3,0.8473962901601533
979,ADE_val_00000980.jpg,0.27045286070724445,0.32896499828837944,0.05851213758113499,4,0.9916534423828125
980,ADE_val_00000981.jpg,0.44901622518259876,0.2286625964783483,-0.22035362870425046,3,0.9819146341463415
981,ADE_val_00000982.jpg,0.18673602627414343,0.22601514127322386,0.03927911499908043,4,0.7917490887268848
982,ADE_val_00000983.jpg,0.1234364459684131,0.10295755298202029,-0.020478892986392813,4,0.7699042004421518
983,ADE_val_00000984.jpg,0.1725667326155545,0.31934639928936404,0.14677966667380954,3,0.8646396396396396
984,ADE_val_00000985.jpg,0.30876294473809857,0.3693105452424511,0.06054760050435254,5,0.9790329510381593
985,ADE_val_00000986.jpg,0.16539380816803637,0.13719683472198066,-0.028196973446055706,4,0.9796551724137931
986,ADE_val_00000987.jpg,0.3331269354517697,0.3136643500291739,-0.01946258542259577,3,0.988311767578125
987,ADE_val_00000988.jpg,0.36946033771508774,0.6021765204033367,0.23271618268824895,10,0.9657502516471449
988,ADE_val_00000989.jpg,0.22661762360242352,0.0770845198029064,-0.14953310379951712,5,0.9759368896484375
989,ADE_val_00000990.jpg,0.2519979658646443,0.2462809306877924,-0.005717035176851903,4,0.995561797752809
990,ADE_val_00000991.jpg,0.486638665075231,0.6062627948409091,0.11962412976567804,4,0.9839324951171875
991,ADE_val_00000992.jpg,0.2940249248445702,0.30147370455880906,0.007448779714238851,13,0.9886672995973645
992,ADE_val_00000993.jpg,0.22595560150772445,0.24288733245470054,0.016931730946976087,12,0.9821330527086384
993,ADE_val_00000994.jpg,0.43467064975200154,0.47314573800755594,0.0384750882555544,8,0.9859878294289898
994,ADE_val_00000995.jpg,0.34675326467201356,0.31305121288361426,-0.0337020517883993,13,0.9797938781112738
995,ADE_val_00000996.jpg,0.31338793505424506,0.27804222978133514,-0.03534570527290992,9,0.9917671348828697
996,ADE_val_00000997.jpg,0.3312941295694932,0.3139650356054993,-0.017329093963993902,5,0.9940005032942899
997,ADE_val_00000998.jpg,0.22394664496413785,0.21631560799144475,-0.0076310369726931004,8,0.9032612612612613
998,ADE_val_00000999.jpg,0.20957169253433186,0.09318923663758127,-0.11638245589675059,4,0.9885711669921875
999,ADE_val_00001000.jpg,0.20289260128472372,0.1877002825617593,-0.01519231872296442,7,0.8581
1000,ADE_val_00001001.jpg,0.5594164656432499,0.5495185474492761,-0.009897918193973787,3,0.9921989385065886
1001,ADE_val_00001002.jpg,0.21134645270001975,0.26121033168149144,0.04986387898147168,10,0.9426417112299466
1002,ADE_val_00001003.jpg,0.27322104701849026,0.20255958303690644,-0.07066146398158382,7,0.9868314192898975
1003,ADE_val_00001004.jpg,0.07509575366342154,0.04395040647246508,-0.031145347190956463,5,0.9863851851851851
1004,ADE_val_00001005.jpg,0.20230983430222796,0.2675434447115234,0.06523361040929546,10,0.9318865528916545
1005,ADE_val_00001006.jpg,0.15896070656679426,0.1767988616093588,0.01783815504256453,9,0.9857133052708639
1006,ADE_val_00001007.jpg,0.1272735586112128,0.16648567934717973,0.039212120735966915,14,0.9213888634699854
1007,ADE_val_00001008.jpg,0.17229484692740293,0.19021849486928719,0.017923647941884252,11,0.8604586666666667
1008,ADE_val_00001009.jpg,0.07958950748503094,0.06591205553926563,-0.013677451945765307,12,0.9040423682284041
1009,ADE_val_00001010.jpg,0.25117709002200794,0.33456403665856893,0.08338694663656099,9,0.9841362565019506
1010,ADE_val_00001011.jpg,0.13020996555235026,0.17078292197585973,0.04057295642350947,10,0.8372615071376281
1011,ADE_val_00001012.jpg,0.14414293170479842,0.2169755355054886,0.07283260380069018,15,0.8827933884297521
1012,ADE_val_00001013.jpg,0.1982952422388962,0.2498688690324431,0.051573626793546906,10,0.9838173728038068
1013,ADE_val_00001014.jpg,0.31835350033019877,0.309575030858957,-0.008778469471241779,6,0.941135012563584
1014,ADE_val_00001015.jpg,0.296586657808235,0.2880298900838196,-0.008556767724415437,5,0.9847931176686217
1015,ADE_val_00001016.jpg,0.4076650717837542,0.46313454981985747,0.05546947803610325,6,0.9829697306066687
1016,ADE_val_00001017.jpg,0.1464687098006184,0.21695115058471173,0.07048244078409333,16,0.4664708775622255
1017,ADE_val_00001018.jpg,0.1561272213448518,0.1952096761263288,0.03908245478147701,7,0.990512081578364
1018,ADE_val_00001019.jpg,0.17828565412216674,0.12843879563245797,-0.04984685848970877,14,0.9447097778320312
1019,ADE_val_00001020.jpg,0.17536831659157956,0.09675260341226465,-0.07861571317931491,5,0.6068572998046875
1020,ADE_val_00001021.jpg,0.11805600264883608,0.11421657365854396,-0.003839428990292118,4,0.9211253369272238
1021,ADE_val_00001022.jpg,0.2238428412014933,0.29968794078175415,0.07584509958026084,13,0.9930882823938506
1022,ADE_val_00001023.jpg,0.29448323975360724,0.2408232756630226,-0.05365996409058463,11,0.9796991576413959
1023,ADE_val_00001024.jpg,0.661669773261008,0.8357981680231871,0.17412839476217912,3,0.9945866666666666
1024,ADE_val_00001025.jpg,0.5859776443856373,0.5838236843296378,-0.0021539600559994376,3,0.989425100658858
1025,ADE_val_00001026.jpg,0.18346076685563956,0.13567409681529227,-0.047786670040347284,11,0.7891768850658858
1026,ADE_val_00001027.jpg,0.5193514295305931,0.8637177885343705,0.34436635900377743,3,0.6506823069180088
1027,ADE_val_00001028.jpg,0.20210036412400176,0.10538882969732218,-0.09671153442667958,5,0.1762109375
1028,ADE_val_00001029.jpg,0.21007317198964154,0.20746960096356282,-0.0026035710260787215,12,0.8048024558968859
1029,ADE_val_00001030.jpg,0.20431589592012905,0.19288115872264616,-0.011434737197482892,3,0.4784133416458853
1030,ADE_val_00001031.jpg,0.07838895804441248,0.0712637909592356,-0.007125167085176881,11,0.898852145863836
1031,ADE_val_00001032.jpg,0.2238913143702317,0.156948866981438,-0.06694244738879368,13,0.9900342011346999
1032,ADE_val_00001033.jpg,0.43398117635365496,0.4248714861981347,-0.009109690155520267,8,0.9811852928099594
1033,ADE_val_00001034.jpg,0.5075574195040466,0.37648325645138947,-0.13107416305265718,4,0.9805777777777778
1034,ADE_val_00001035.jpg,0.47460931106189996,0.39913089517587796,-0.075478415886022,6,0.985224309114202
1035,ADE_val_00001036.jpg,0.18649193752394688,0.1878784891224121,0.0013865515984652077,16,0.9294407407407408
1036,ADE_val_00001037.jpg,0.11370215068465993,0.13122086499852376,0.01751871431386383,13,0.9563385108412755
1037,ADE_val_00001038.jpg,0.17666087639372854,0.14952107070689097,-0.027139805686837576,7,0.9586333333333333
1038,ADE_val_00001039.jpg,0.10297467123610356,0.07872377777159427,-0.024250893464509288,8,0.8361973333333333
1039,ADE_val_00001040.jpg,0.17015486918678585,0.1004326814940618,-0.06972218769272405,8,0.789622566411936
1040,ADE_val_00001041.jpg,0.18049078526779805,0.2494901574917196,0.06899937222392155,8,0.9576154692082112
1041,ADE_val_00001042.jpg,0.0792770292903383,0.1025041578838983,0.023227128593560006,5,0.7624882629107981
1042,ADE_val_00001043.jpg,0.0058591201637502215,0.11062417556078646,0.10476505539703625,4,0.9801101072840204
1043,ADE_val_00001044.jpg,0.026645259102982596,0.05693599865603098,0.030290739553048385,8,0.693509019980185
1044,ADE_val_00001045.jpg,0.141795266224211,0.2291065966286182,0.08731133040440722,11,0.9899112371888726
1045,ADE_val_00001046.jpg,0.3269429558771854,0.4035444532867197,0.07660149740953426,7,0.9869688941222647
1046,ADE_val_00001047.jpg,0.08088660195512193,0.18325706656495067,0.10237046460982874,5,0.9885128797584187
1047,ADE_val_00001048.jpg,0.09929795321094119,0.10636618475862072,0.007068231547679535,15,0.9567166910688141
1048,ADE_val_00001049.jpg,0.3028769329556964,0.26415310051023533,-0.03872383244546107,7,0.9765
1049,ADE_val_00001050.jpg,0.17814944840292157,0.19995017008816623,0.02180072168524466,11,0.9810142579763095
1050,ADE_val_00001051.jpg,0.0801535833313776,0.06011333911233419,-0.020040244219043414,6,0.6211075823300283
1051,ADE_val_00001052.jpg,0.2387034028877933,0.19783584350111635,-0.04086755938667694,10,0.9155533854166666
1052,ADE_val_00001053.jpg,0.18368603467226358,0.261014335981447,0.07732830130918344,8,0.9793483431108292
1053,ADE_val_00001054.jpg,0.13188265836059299,0.159929803309804,0.02804714494921101,6,0.9958688274416909
1054,ADE_val_00001055.jpg,0.5139919108598836,0.5077452595206273,-0.006246651339256282,4,0.9104586129753915
1055,ADE_val_00001056.jpg,0.26307787004357686,0.24281007092094614,-0.020267799122630714,10,0.9105280014641288
1056,ADE_val_00001057.jpg,0.19779800530107025,0.1806563152822248,-0.01714169001884544,9,0.8876231448718275
1057,ADE_val_00001058.jpg,0.20584960198991506,0.1300844119511834,-0.07576519003873167,10,0.95458984375
1058,ADE_val_00001059.jpg,0.36105949225012324,0.2350703866236773,-0.12598910562644594,2,0.981168
1059,ADE_val_00001060.jpg,0.0805682281618453,0.09995965927074571,0.019391431108900403,3,0.9929790976821192
1060,ADE_val_00001061.jpg,0.09812038809495573,0.07010861215101036,-0.02801177594394537,7,0.9534081030380673
1061,ADE_val_00001062.jpg,0.11507052122778494,0.05900547332070743,-0.05606504790707751,4,0.9921614583333334
1062,ADE_val_00001063.jpg,0.3472650184402021,0.302920134403939,-0.04434488403626308,7,0.9919534883720931
1063,ADE_val_00001064.jpg,0.3569129924896386,0.34881854339538565,-0.008094449094252942,9,0.9913753660322109
1064,ADE_val_00001065.jpg,0.40030638339132607,0.46580638438655164,0.06550000099522557,10,0.9894787234042554
1065,ADE_val_00001066.jpg,0.14990164362233596,0.18363142044875325,0.033729776826417285,10,0.9928475384736181
1066,ADE_val_00001067.jpg,0.4430486066577285,0.3959357577168316,-0.0471128489408969,5,0.9839382421204884
1067,ADE_val_00001068.jpg,0.057498229313497566,0.08586202884050849,0.028363799527010923,9,0.9693457943925233
1068,ADE_val_00001069.jpg,0.03828482148579227,0.044435487131679025,0.006150665645886753,8,0.9209706481073944
1069,ADE_val_00001070.jpg,0.11383296503791807,0.13046896671560645,0.01663600167768839,9,0.9826583333333333
1070,ADE_val_00001071.jpg,0.8227884537687249,0.5557328768565037,-0.26705557691222115,6,0.9857584635416666
1071,ADE_val_00001072.jpg,0.15993760756867734,0.17139399999165286,0.011456392422975525,8,0.959515
1072,ADE_val_00001073.jpg,0.1717724933203644,0.16188373249404364,-0.009888760826320758,10,0.9855631510416667
1073,ADE_val_00001074.jpg,0.2584415572355194,0.2816443399827209,0.0232027827472015,11,0.9903659178257687
1074,ADE_val_00001075.jpg,0.3280535609674827,0.29359552075357165,-0.03445804021391108,8,0.5372838122254758
1075,ADE_val_00001076.jpg,0.2681162055049145,0.36292674102020334,0.09481053551528884,9,0.9819557558565154
1076,ADE_val_00001077.jpg,0.35152789013843944,0.35738503585119963,0.005857145712760192,7,0.9684097044289898
1077,ADE_val_00001078.jpg,0.258324349280584,0.5672841345923019,0.30895978531171786,6,0.981749862737921
1078,ADE_val_00001079.jpg,0.1628988452079966,0.24987602633836467,0.08697718113036806,11,0.9731223691434846
1079,ADE_val_00001080.jpg,0.09257930926575098,0.3158656808989788,0.22328637163322784,10,0.9712336753731343
1080,ADE_val_00001081.jpg,0.13589892102934925,0.23626895864161546,0.1003700376122662,9,0.9541144308199122
1081,ADE_val_00001082.jpg,0.19057458158987706,0.35042433971252757,0.1598497581226505,14,0.9769943036237189
1082,ADE_val_00001083.jpg,0.32253936246392134,0.4328247598058615,0.11028539734194015,11,0.8872699058219178
1083,ADE_val_00001084.jpg,0.296369091300562,0.26044597700001876,-0.035923114300543235,5,0.8408864339192709
1084,ADE_val_00001085.jpg,0.2560027223111759,0.34808571685405426,0.09208299454287838,8,0.6730092366536459
1085,ADE_val_00001086.jpg,0.46342639559951204,0.5921154782850692,0.12868908268555712,8,0.9838574075768668
1086,ADE_val_00001087.jpg,0.10180074583276992,0.1526421494192166,0.05084140358644669,11,0.983367919921875
1087,ADE_val_00001088.jpg,0.2488393039504892,0.20633807134884066,-0.042501232601648536,7,0.9798212005108556
1088,ADE_val_00001089.jpg,0.41522226860879435,0.5209308575257325,0.10570858891693818,12,0.9813230994152047
1089,ADE_val_00001090.jpg,0.3122109523055222,0.506237592494446,0.1940266401889238,15,0.9326492335924007
1090,ADE_val_00001091.jpg,0.24983642776872822,0.30987371363054905,0.06003728586182083,12,0.9369675727739726
1091,ADE_val_00001092.jpg,0.23545234460875308,0.23729559054356847,0.0018432459348153851,15,0.9584992851307189
1092,ADE_val_00001093.jpg,0.3104884823857442,0.3061763745442882,-0.0043121078414560254,11,0.9767913818359375
1093,ADE_val_00001094.jpg,0.2480651380131041,0.21791201938159385,-0.03015311863151024,13,0.8682827370058566
1094,ADE_val_00001095.jpg,0.36194738150418604,0.44069484074297127,0.07874745923878523,9,0.9405226253660323
1095,ADE_val_00001096.jpg,0.22621189262454905,0.5400930103832273,0.3138811177586783,7,0.9592245836383602
1096,ADE_val_00001097.jpg,0.4349387493279048,0.5550670462175308,0.12012829688962601,6,0.95121190977306
1097,ADE_val_00001098.jpg,0.030510319847117863,0.04843781859122315,0.017927498744105284,6,0.9680186666666667
1098,ADE_val_00001099.jpg,0.06931317204441574,0.15547144005278102,0.08615826800836528,10,0.97882080078125
1099,ADE_val_00001100.jpg,0.15989661159094545,0.4241351723581753,0.26423856076722985,11,0.9708432467057101
1100,ADE_val_00001101.jpg,0.11173068422257604,0.2548663485207329,0.14313566429815688,5,0.9953460693359375
1101,ADE_val_00001102.jpg,0.3086342917233344,0.3939510314048953,0.0853167396815609,11,0.9882269170937042
1102,ADE_val_00001103.jpg,0.17528000380054545,0.25923342439445785,0.08395342059391239,8,0.9626306547035693
1103,ADE_val_00001104.jpg,0.07750626587561205,0.11067883675360198,0.03317257087798993,15,0.9867095947265625
1104,ADE_val_00001105.jpg,0.33903822054817295,0.4111619832282819,0.07212376268010895,8,0.9531164211200586
1105,ADE_val_00001106.jpg,0.1016838662781096,0.23355044575898345,0.13186657948087385,3,0.8381737280380673
1106,ADE_val_00001107.jpg,0.3008193411830423,0.4163006798956778,0.1154813387126355,9,0.934078535202864
1107,ADE_val_00001108.jpg,0.2415688529808815,0.26532944804110065,0.02376059506021916,12,0.8668902439024391
1108,ADE_val_00001109.jpg,0.17919657644825432,0.2236716686206322,0.044475092172377884,6,0.8096045778508771
1109,ADE_val_00001110.jpg,0.1862251466642963,0.14561213628180408,-0.04061301038249221,6,0.9800347222222222
1110,ADE_val_00001111.jpg,0.1499619329290102,0.23399599003212598,0.08403405710311579,9,0.8625995485044209
1111,ADE_val_00001112.jpg,0.4356111564895688,0.2573989908805349,-0.17821216560903386,6,0.9862823486328125
1112,ADE_val_00001113.jpg,0.6753031837908564,0.6364130786222515,-0.038890105168604916,5,0.982025146484375
1113,ADE_val_00001114.jpg,0.13849639369010075,0.1311028510282388,-0.007393542661861957,8,0.8008702596028646
1114,ADE_val_00001115.jpg,0.18729487146693466,0.189205834776985,0.0019109633100503343,11,0.9900213333333333
1115,ADE_val_00001116.jpg,0.16441501148309692,0.18215976312368068,0.017744751640583756,10,0.983674074074074
1116,ADE_val_00001117.jpg,0.389528913286017,0.5013807011668782,0.11185178788086114,11,0.9915526628843339
1117,ADE_val_00001118.jpg,0.32103095395914827,0.5124506254184339,0.19141967145928562,7,0.697048293374817
1118,ADE_val_00001119.jpg,0.20754636045648647,0.3902367982545719,0.18269043779808544,10,0.9912323846998536
1119,ADE_val_00001120.jpg,0.1932288240614418,0.23279238591962964,0.03956356185818785,18,0.9435267857142857
1120,ADE_val_00001121.jpg,0.2292660351364914,0.28996655193599574,0.060700516799504334,13,0.9963531494140625
1121,ADE_val_00001122.jpg,0.4612238093874387,0.6075801318749215,0.14635632248748287,10,0.993665926976574
1122,ADE_val_00001123.jpg,0.25412252717381834,0.19937406453240564,-0.0547484626414127,9,0.9888480226751248
1123,ADE_val_00001124.jpg,0.28713911088413446,0.38914178552147466,0.1020026746373402,14,0.9890541443850267
1124,ADE_val_00001125.jpg,0.42248055049191197,0.3996205474038527,-0.022860003088059244,11,0.6617319042825769
1125,ADE_val_00001126.jpg,0.289972794591436,0.2844861871484841,-0.005486607442951874,15,0.9946772257486979
1126,ADE_val_00001127.jpg,0.25227216092102245,0.19622118411946157,-0.056050976801560876,14,0.9789372246696035
1127,ADE_val_00001128.jpg,0.4143114848069604,0.41973479903455485,0.005423314227594456,6,0.99432373046875
1128,ADE_val_00001129.jpg,0.5523285390260213,0.5771489618108702,0.02482042278484886,5,0.9688500869326501
1129,ADE_val_00001130.jpg,0.4136866242999743,0.4643966998948638,0.05071007559488949,19,0.984878864694149
1130,ADE_val_00001131.jpg,0.33523696505532113,0.4544932639260942,0.11925629887077305,14,0.9698509562591509
1131,ADE_val_00001132.jpg,0.462935984574982,0.472710791550891,0.009774806975909045,9,0.9888339117777043
1132,ADE_val_00001133.jpg,0.22011173667825093,0.29488426535329865,0.07477252867504772,15,0.9931500204248366
1133,ADE_val_00001134.jpg,0.3822906819133226,0.6369071484985848,0.25461646658526216,9,0.990936279296875
1134,ADE_val_00001135.jpg,0.3592920962342128,0.4178880955943449,0.0585959993601321,10,0.71955625
1135,ADE_val_00001136.jpg,0.28374831201845274,0.2765111532169983,-0.007237158801454424,17,0.9540406858766234
1136,ADE_val_00001137.jpg,0.2806895510202392,0.3511665331341967,0.07047698211395753,9,0.9887333718912666
1137,ADE_val_00001138.jpg,0.19013889586351193,0.3755487951116644,0.18540989924815246,12,0.9932708740234375
1138,ADE_val_00001139.jpg,0.20960902557733765,0.27676814516230763,0.06715911958496998,14,0.9451495012811127
1139,ADE_val_00001140.jpg,0.32060790896415264,0.2837294670194992,-0.03687844194465345,14,0.9908218383789062
1140,ADE_val_00001141.jpg,0.06456970753346576,0.07851969621976534,0.013949988686299583,13,0.9643096923828125
1141,ADE_val_00001142.jpg,0.45441195039184645,0.48534693911503285,0.030934988723186396,12,0.9897760183109118
1142,ADE_val_00001143.jpg,0.10808654849596988,0.1392841556024773,0.03119760710650743,17,0.9893645416281696
1143,ADE_val_00001144.jpg,0.2778396904492514,0.33724317554715133,0.059403485097899944,13,0.9865375
1144,ADE_val_00001145.jpg,0.6500033644309636,0.7000003521664777,0.04999698773551409,8,0.9820015098828697
1145,ADE_val_00001146.jpg,0.10697142091639525,0.16832875795636634,0.061357337039971094,15,0.9799111228038068
1146,ADE_val_00001147.jpg,0.3902431207778826,0.5626922920214109,0.17244917124352832,6,0.9849698023426061
1147,ADE_val_00001148.jpg,0.2066376987741072,0.14095954727015966,-0.06567815150394754,6,0.9372888888888888
1148,ADE_val_00001149.jpg,0.23315914955021957,0.33860849123377296,0.10544934168355338,20,0.9502702702702702
1149,ADE_val_00001150.jpg,0.3384046201366227,0.3396907387799091,0.0012861186432863714,15,0.8757496843434344
1150,ADE_val_00001151.jpg,0.13688795170830248,0.1359687778012477,-0.0009191739070547877,13,0.9862938094802343
1151,ADE_val_00001152.jpg,0.07315673129041834,0.11222866171736103,0.03907193042694268,19,0.7784672750036905
1152,ADE_val_00001153.jpg,0.5382011166767713,0.6102175550284537,0.07201643835168237,9,0.6883664668740849
1153,ADE_val_00001154.jpg,0.26053530656093254,0.44384540101038134,0.1833100944494488,16,0.9902546583850932
1154,ADE_val_00001155.jpg,0.24553600622770894,0.35874849275635656,0.11321248652864763,16,0.9874954954954955
1155,ADE_val_00001156.jpg,0.06275100438984055,0.1276156026799949,0.06486459829015434,7,0.945763913505849
1156,ADE_val_00001157.jpg,0.06045842511063207,0.06203190894048692,0.001573483829854852,14,0.98907265625
1157,ADE_val_00001158.jpg,0.09543815610719934,0.13609496364140203,0.040656807534202685,17,0.9786766539228723
1158,ADE_val_00001159.jpg,0.169060065791292,0.20834521840598316,0.03928515261469115,10,0.9930572509765625
1159,ADE_val_00001160.jpg,0.4379574706221223,0.46120967870380153,0.023252208081679215,15,0.9925192166910688
1160,ADE_val_00001161.jpg,0.12778575637277603,0.23425035341422773,0.1064645970414517,13,0.9945667093704246
1161,ADE_val_00001162.jpg,0.35622989467258925,0.3412027160982354,-0.015027178574353872,11,0.9798518518518519
1162,ADE_val_00001163.jpg,0.1762259394166948,0.125264623860321,-0.05096131555637379,7,0.8081047538433382
1163,ADE_val_00001164.jpg,0.26977037205917975,0.3793161323143792,0.10954576025519946,18,0.9868889051522248
1164,ADE_val_00001165.jpg,0.3571489809916328,0.4292903661654454,0.07214138517381263,9,0.9772087756222547
1165,ADE_val_00001166.jpg,0.4389928189951843,0.5502049382348135,0.11121211923962926,13,0.9816636029411765
1166,ADE_val_00001167.jpg,0.32046250692094475,0.35938294278712374,0.03892043586617899,8,0.9929167047950219
1167,ADE_val_00001168.jpg,0.19556777664751945,0.20658573041613262,0.01101795376861317,17,0.9618047078450521
1168,ADE_val_00001169.jpg,0.7305574577035376,0.40812657404390007,-0.32243088365963757,11,0.9973125487519501
1169,ADE_val_00001170.jpg,0.383451483907956,0.5335468082552564,0.15009532434730033,9,0.9534452781844802
1170,ADE_val_00001171.jpg,0.357314705267173,0.5434540138233229,0.1861393085561499,12,0.991990185761347
1171,ADE_val_00001172.jpg,0.3129360730640516,0.357324977398947,0.044388904334895396,8,0.9965970442898975
1172,ADE_val_00001173.jpg,0.258684114450617,0.2512251930059795,-0.007458921444637501,16,0.9630889892578125
1173,ADE_val_00001174.jpg,0.1497266145836761,0.2440163585590491,0.09428974397537301,14,0.9337005615234375
1174,ADE_val_00001175.jpg,0.2749603004947864,0.2350724668512428,-0.03988783364354362,14,0.9471664428710938
1175,ADE_val_00001176.jpg,0.395105147457234,0.559457113831669,0.16435196637443494,9,0.8016791727672035
1176,ADE_val_00001177.jpg,0.27714209109937715,0.36355417445323535,0.0864120833538582,14,0.9817597044159544
1177,ADE_val_00001178.jpg,0.2412551631418451,0.3048280463565324,0.06357288321468726,12,0.9514666666666667
1178,ADE_val_00001179.jpg,0.878255227834577,0.8947684538997586,0.016513226065181574,9,0.6759147135416667
1179,ADE_val_00001180.jpg,0.18139785032775435,0.17632290444832358,-0.005074945879430776,13,0.993583984375
1180,ADE_val_00001181.jpg,0.34645394772875343,0.35267929890976984,0.006225351181016414,13,0.9872334798177084
1181,ADE_val_00001182.jpg,0.5102396228720916,0.485450279063617,-0.024789343808474584,9,0.9068505215959004
1182,ADE_val_00001183.jpg,0.3602159170772214,0.2997478661168236,-0.06046805096039781,8,0.9887988424231332
1183,ADE_val_00001184.jpg,0.40636733974190575,0.4846911815882561,0.07832384184635033,12,0.9913925237920937
1184,ADE_val_00001185.jpg,0.14934234464980137,0.20550174875922075,0.056159404109419386,9,0.9696850979136163
1185,ADE_val_00001186.jpg,0.1377982716609189,0.11621706743565627,-0.021581204225262635,6,0.9816466395577284
1186,ADE_val_00001187.jpg,0.11597980344281592,0.22855541418520947,0.11257561074239356,6,0.9861067708333333
1187,ADE_val_00001188.jpg,0.1988728515777965,0.23465407697139087,0.03578122539359438,9,0.945
1188,ADE_val_00001189.jpg,0.13044916049957214,0.20186450193506358,0.07141534143549144,6,0.9890794451450189
1189,ADE_val_00001190.jpg,0.21416378917054485,0.3113583907320915,0.09719460156154663,6,0.9761204769736842
1190,ADE_val_00001191.jpg,0.11798888316365011,0.1471600108825038,0.02917112771885369,11,0.8560296296296296
1191,ADE_val_00001192.jpg,0.06932651635815511,0.07782206290375769,0.008495546545602584,11,0.85162353515625
1192,ADE_val_00001193.jpg,0.43036483642615125,0.6770689455675891,0.24670410914143787,4,0.9813915857605178
1193,ADE_val_00001194.jpg,0.29653112637382095,0.30261194141989267,0.006080815046071719,6,0.9803827751196172
1194,ADE_val_00001195.jpg,0.44604963949466236,0.32060311562081345,-0.12544652387384891,10,0.9865404211956522
1195,ADE_val_00001196.jpg,0.1767494405337789,0.1778683029058668,0.0011188623720879143,7,0.9900887750951162
1196,ADE_val_00001197.jpg,0.19490125989010498,0.2241593808590334,0.02925812096892841,6,0.6742350260416666
1197,ADE_val_00001198.jpg,0.28507953509732353,0.1832382438206687,-0.10184129127665484,9,0.9157525393484627
1198,ADE_val_00001199.jpg,0.20065517270826108,0.2601917394330873,0.05953656672482624,6,0.991058349609375
1199,ADE_val_00001200.jpg,0.1996441177381362,0.26941062465061005,0.06976650691247385,7,0.9841290721083455
1200,ADE_val_00001201.jpg,0.5315980491685527,0.48975237974419356,-0.04184566942435913,5,0.8389691558441559
1201,ADE_val_00001202.jpg,0.25744436439621354,0.3895174010312047,0.13207303663499115,3,0.9869232177734375
1202,ADE_val_00001203.jpg,0.2847669647300196,0.2879454639941775,0.0031784992641578635,6,0.925018310546875
1203,ADE_val_00001204.jpg,0.32694924304315726,0.2576400397652022,-0.06930920327795503,7,0.962921142578125
1204,ADE_val_00001205.jpg,0.2767872297447328,0.3635981724098077,0.08681094266507489,6,0.987945556640625
1205,ADE_val_00001206.jpg,0.26018935893197764,0.1652169549279146,-0.09497240400406304,8,0.9763031005859375
1206,ADE_val_00001207.jpg,0.5636663034417243,0.4859602523590608,-0.07770605108266349,2,0.9907379150390625
1207,ADE_val_00001208.jpg,0.3799289895108477,0.44130752180230165,0.06137853229145396,7,0.9951629638671875
1208,ADE_val_00001209.jpg,0.3290028979298208,0.38512538593969475,0.05612248800987396,8,0.9397735595703125
1209,ADE_val_00001210.jpg,0.34677317918839695,0.4098284296642456,0.06305525047584865,9,0.9864349365234375
1210,ADE_val_00001211.jpg,0.16278399734371013,0.22358402306396755,0.06080002572025742,7,0.9839324951171875
1211,ADE_val_00001212.jpg,0.2368060472009592,0.19715230100015058,-0.03965374620080864,7,0.983978271484375
1212,ADE_val_00001213.jpg,0.09931648767390104,0.05236620202857693,-0.04695028564532411,4,0.8607457478841146
1213,ADE_val_00001214.jpg,0.6283549516191661,0.36353380373174843,-0.2648211478874177,4,0.9882240574670571
1214,ADE_val_00001215.jpg,0.1281647068508419,0.14664450387242567,0.018479797021583783,7,0.9655367943548387
1215,ADE_val_00001216.jpg,0.054532589133826845,0.04374765840172318,-0.010784930732103667,8,0.6427946666666666
1216,ADE_val_00001217.jpg,0.04971348162765386,0.0816293643760731,0.031915882748419236,3,0.7013767209011265
1217,ADE_val_00001218.jpg,0.310046673528024,0.3241190453977262,0.014072371869702172,7,0.9849107142857143
1218,ADE_val_00001219.jpg,0.29120620932854036,0.28752186192866913,-0.003684347399871224,9,0.9788284301757812
1219,ADE_val_00001220.jpg,0.2964963667295716,0.2801948482559719,-0.016301518473599674,7,0.9814472934472934
1220,ADE_val_00001221.jpg,0.30889548282310353,0.2617432500790088,-0.047152232744094746,11,0.971221923828125
1221,ADE_val_00001222.jpg,0.3260060141317744,0.38290013810931506,0.05689412397754068,6,0.890228271484375
1222,ADE_val_00001223.jpg,0.10491753365122247,0.0947009161807537,-0.010216617470468772,11,0.8003482849604222
1223,ADE_val_00001224.jpg,0.34451338728493097,0.3198336349703287,-0.024679752314602288,13,0.9906326593137255
1224,ADE_val_00001225.jpg,0.12299327193301378,0.06696430923368989,-0.05602896269932389,5,0.818794038250366
1225,ADE_val_00001226.jpg,0.057561252756419184,0.05193897810695884,-0.005622274649460343,3,0.9513197969543147
1226,ADE_val_00001227.jpg,0.3242378444362286,0.24086613382623817,-0.08337171060999043,7,0.8549274553571429
1227,ADE_val_00001228.jpg,0.24162221533394102,0.136590905285248,-0.10503131004869301,7,0.48336499493414387
1228,ADE_val_00001229.jpg,0.0001615090098954806,0.01426762901531145,0.01410612000541597,4,0.575382618045388
1229,ADE_val_00001230.jpg,0.23199304688109174,0.26748303789183814,0.0354899910107464,5,0.541516544117647
1230,ADE_val_00001231.jpg,0.24338617041571417,0.2877511586981507,0.04436498828243654,4,0.9524074074074074
1231,ADE_val_00001232.jpg,0.196830954010486,0.21745610223250997,0.020625148222023965,4,0.99212744784041
1232,ADE_val_00001233.jpg,0.23176209076280574,0.20698780395909547,-0.02477428680371027,8,0.9840087890625
1233,ADE_val_00001234.jpg,0.14027236142673388,0.1474079213707102,0.007135559943976327,6,0.9964740803440703
1234,ADE_val_00001235.jpg,0.6809328739621204,0.22376778395854108,-0.45716509000357936,3,0.4834136962890625
1235,ADE_val_00001236.jpg,0.31997167475597776,0.3340490521444834,0.014077377388505619,6,0.9860352014821677
1236,ADE_val_00001237.jpg,0.07193099212022339,0.07503746330214348,0.0031064711819200896,3,0.9327301427525623
1237,ADE_val_00001238.jpg,0.9528257325282811,0.5253449184627775,-0.42748081406550353,3,0.8326041666666667
1238,ADE_val_00001239.jpg,0.2539788245999186,0.5336605038117274,0.27968167921180875,4,0.9885894007536161
1239,ADE_val_00001240.jpg,0.13467310447485206,0.08768855480064476,-0.0469845496742073,9,0.9313003355704698
1240,ADE_val_00001241.jpg,0.14723030857224925,0.18479438117011346,0.037564072597864206,9,0.7837467447916666
1241,ADE_val_00001242.jpg,0.053930665815614155,0.037254646436439234,-0.01667601937917492,1,0.5112208771128369
1242,ADE_val_00001243.jpg,0.3333504187749464,0.29942104668928193,-0.03392937208566449,15,0.9787928427419355
1243,ADE_val_00001244.jpg,0.22614872276799453,0.23768602180292425,0.011537299034929727,14,0.9829891667392756
1244,ADE_val_00001245.jpg,0.24499075196330808,0.24894357155910626,0.003952819595798185,19,0.9650464749826158
1245,ADE_val_00001246.jpg,0.35655421818048627,0.30574093217598225,-0.05081328600450402,10,0.9899286715844663
1246,ADE_val_00001247.jpg,0.22811079023274924,0.14158550904694317,-0.08652528118580607,7,0.9225405405405406
1247,ADE_val_00001248.jpg,0.4591102621590625,0.44308246131391826,-0.016027800845144213,7,0.98980712890625
1248,ADE_val_00001249.jpg,0.3130581403256847,0.3317735794583955,0.018715439132710787,8,0.8121825814421669
1249,ADE_val_00001250.jpg,0.11178841956138157,0.15868911524768417,0.046900695686302604,9,0.992279052734375
1250,ADE_val_00001251.jpg,0.11171419607582389,0.20625443170563604,0.09454023562981215,10,0.95953369140625
1251,ADE_val_00001252.jpg,0.08422931498351982,0.1149341498769045,0.030704834893384686,4,0.9783946396827568
1252,ADE_val_00001253.jpg,0.42764515331668196,0.48223598276963126,0.0545908294529493,4,0.980010986328125
1253,ADE_val_00001254.jpg,0.31866519080018285,0.4012999421348821,0.08263475133469927,9,0.9898368868960469
1254,ADE_val_00001255.jpg,0.1719661081391173,0.2419300209979069,0.06996391285878958,17,0.7820456112132353
1255,ADE_val_00001256.jpg,0.2646655099495311,0.2484708844615179,-0.016194625488013176,7,0.705291748046875
1256,ADE_val_00001257.jpg,0.1262643338462611,0.17956430512855848,0.05329997128229738,8,0.6957234684507412
1257,ADE_val_00001258.jpg,0.19134818143001067,0.15706972522811607,-0.0342784562018946,6,0.7491302490234375
1258,ADE_val_00001259.jpg,0.10523233132571756,0.08444760703119934,-0.02078472429451822,4,0.6932598039215686
1259,ADE_val_00001260.jpg,0.24136783244931256,0.3177920076722286,0.07642417522291603,8,0.9633941650390625
1260,ADE_val_00001261.jpg,0.5088703646404696,0.5069318265798153,-0.00193853806065436,5,0.9674835205078125
1261,ADE_val_00001262.jpg,0.19316768225244127,0.2522627200011499,0.05909503774870864,10,0.9848068036237189
1262,ADE_val_00001263.jpg,0.04823567979972582,0.03787311074595063,-0.010362569053775188,3,0.31895989659590046
1263,ADE_val_00001264.jpg,0.10492546533795696,0.10828171491197458,0.003356249574017617,6,0.7392094930013021
1264,ADE_val_00001265.jpg,0.17006859839776364,0.1851892620388321,0.015120663641068455,6,0.9880982338945827
1265,ADE_val_00001266.jpg,0.31250278373382173,0.3146263710068602,0.002123587273038463,10,0.9846137434980494
1266,ADE_val_00001267.jpg,0.4314187632492574,0.4036844278127966,-0.027734335436460755,8,0.99395751953125
1267,ADE_val_00001268.jpg,0.11959163204254977,0.07542512861683509,-0.04416650342571468,6,0.9697418212890625
1268,ADE_val_00001269.jpg,0.28596051933549876,0.3834476418669975,0.09748712253149872,8,0.9873046875
1269,ADE_val_00001270.jpg,0.5312488877062934,0.5139673023501405,-0.017281585356152873,5,0.990814208984375
1270,ADE_val_00001271.jpg,0.32786783545715037,0.35167465975532564,0.023806824298175266,9,0.991241455078125
1271,ADE_val_00001272.jpg,0.5022104076876962,0.5941782593097402,0.09196785162204402,10,0.9910322108345534
1272,ADE_val_00001273.jpg,0.23856575162170093,0.2798805866333682,0.041314835011667245,9,0.9960794518667643
1273,ADE_val_00001274.jpg,0.30589183091620065,0.2982212737398777,-0.007670557176322923,4,0.840713076500732
1274,ADE_val_00001275.jpg,0.7364120459380208,0.7249946553138338,-0.011417390624187007,5,0.29679019325657896
1275,ADE_val_00001276.jpg,0.31450637798816405,0.1720365386541017,-0.14246983933406235,4,0.9899169564421669
1276,ADE_val_00001277.jpg,0.12427896358789464,0.110546529096739,-0.013732434491155646,9,0.9665137719619327
1277,ADE_val_00001278.jpg,0.7271687427116278,0.7132907556648749,-0.013877987046752915,4,0.8230346548004315
1278,ADE_val_00001279.jpg,0.17630750575203893,0.26054684697190694,0.08423934121986801,9,0.9906633189970717
1279,ADE_val_00001280.jpg,0.3317626945269637,0.28557827249181084,-0.04618442203515288,8,0.9793548583984375
1280,ADE_val_00001281.jpg,0.3813082487108497,0.5650555616790212,0.18374731296817148,5,0.97174072265625
1281,ADE_val_00001282.jpg,0.2859837044235988,0.3498477639209054,0.06386405949730661,6,0.9935105204872646
1282,ADE_val_00001283.jpg,0.3458905723625981,0.3994259976064549,0.05353542524385679,5,0.99151611328125
1283,ADE_val_00001284.jpg,0.1448096188464871,0.168571264591744,0.02376164574525691,6,0.9829480463030746
1284,ADE_val_00001285.jpg,0.31755901450588203,0.2332588089440283,-0.08430020556185372,8,0.9900210084033614
1285,ADE_val_00001286.jpg,0.05307384382066773,0.11331965907255684,0.06024581525188911,9,0.9892037617554859
1286,ADE_val_00001287.jpg,0.11291382502022085,0.15989021683249857,0.046976391812277724,4,0.6635925925925926
1287,ADE_val_00001288.jpg,0.4194129576641603,0.2745000668333973,-0.14491289083076303,4,0.9827423095703125
1288,ADE_val_00001289.jpg,0.14709344725082635,0.19391750233330876,0.04682405508248241,3,0.9798431396484375
1289,ADE_val_00001290.jpg,0.4635344048888815,0.3688625002835949,-0.09467190460528657,4,0.9449807833089312
1290,ADE_val_00001291.jpg,0.3032744584636712,0.31039888186636505,0.007124423402693869,12,0.940637010431918
1291,ADE_val_00001292.jpg,0.26790965366562064,0.2299084927857272,-0.03800116087989344,6,0.9860792222041612
1292,ADE_val_00001293.jpg,0.11354721494368684,0.11099511983785633,-0.0025520951058305152,5,0.9821333333333333
1293,ADE_val_00001294.jpg,0.1754327885057507,0.19883213065332705,0.023399342147576357,6,0.8045487510752053
1294,ADE_val_00001295.jpg,0.11893271668572784,0.19231177238382965,0.07337905569810181,13,0.9851291291291291
1295,ADE_val_00001296.jpg,0.02542012469058218,0.041426648463090375,0.016006523772508194,10,0.912576
1296,ADE_val_00001297.jpg,0.2955932638983411,0.4323028908031082,0.13670962690476707,10,0.934854845351391
1297,ADE_val_00001298.jpg,0.15329867940379224,0.14763300202905624,-0.005665677374736,9,0.9892678211932651
1298,ADE_val_00001299.jpg,0.28782626003047035,0.2117855712395694,-0.07604068879090095,4,0.9905548095703125
1299,ADE_val_00001300.jpg,0.1521214987649375,0.18338931995751104,0.03126782119257354,9,0.9696765190336749
1300,ADE_val_00001301.jpg,0.44152033203220437,0.4337545364224149,-0.007765795609789461,8,0.9844444444444445
1301,ADE_val_00001302.jpg,0.23633448397326562,0.2638214224421128,0.0274869384688472,22,0.9896341959635416
1302,ADE_val_00001303.jpg,0.16109297427695865,0.12039362968673809,-0.040699344590220565,8,0.9877128953771289
1303,ADE_val_00001304.jpg,0.01587506047694717,0.05067213901418922,0.03479707853724205,13,0.9675186846038863
1304,ADE_val_00001305.jpg,0.14058813083036553,0.22032153488795028,0.07973340405758475,10,0.9862162162162162
1305,ADE_val_00001306.jpg,0.1160443049385735,0.2560167771281549,0.13997247218958142,9,0.9785005778120185
1306,ADE_val_00001307.jpg,0.12266084614735827,0.2103370284105586,0.08767618226320033,15,0.9552163540301442
1307,ADE_val_00001308.jpg,0.2052107348674424,0.24794679007362797,0.042736055206185564,11,0.9904759724934896
1308,ADE_val_00001309.jpg,0.1901904442139268,0.22860347641926898,0.038413032205342174,16,0.9615328017979452
1309,ADE_val_00001310.jpg,0.21035270311601906,0.2354133257508109,0.025060622634791835,14,0.9807992788461538
1310,ADE_val_00001311.jpg,0.16064364177766022,0.19490460584674293,0.03426096406908272,23,0.9646860758463541
1311,ADE_val_00001312.jpg,0.3867707453585288,0.37358024257245764,-0.013190502786071145,16,0.9832082312091504
1312,ADE_val_00001313.jpg,0.13133018767000423,0.15186894038541518,0.020538752715410946,10,0.96502685546875
1313,ADE_val_00001314.jpg,0.12445795432441491,0.1341931070299559,0.009735152705540998,13,0.9773712158203125
1314,ADE_val_00001315.jpg,0.4117723588031415,0.5076298164398224,0.09585745763668091,8,0.9634475708007812
1315,ADE_val_00001316.jpg,0.413049415612729,0.5449632184279566,0.13191380281522758,6,0.9866943359375
1316,ADE_val_00001317.jpg,0.15680367996502428,0.13508829567495517,-0.021715384290069112,18,0.9498138427734375
1317,ADE_val_00001318.jpg,0.1992914970173283,0.27851233965955136,0.07922084264222307,13,0.9856819509345794
1318,ADE_val_00001319.jpg,0.15463158135256308,0.24653466393684162,0.09190308258427854,13,0.9840240478515625
1319,ADE_val_00001320.jpg,0.3941994249274292,0.3540666770925762,-0.04013274783485299,8,0.9726533903733529
1320,ADE_val_00001321.jpg,0.20093984896763356,0.270092877549472,0.06915302858183842,7,0.9256208760997068
1321,ADE_val_00001322.jpg,0.24904479024235673,0.3103164514485989,0.06127166120624214,7,0.9672601345168375
1322,ADE_val_00001323.jpg,0.21882082097692848,0.23801749808403627,0.01919667710710779,17,0.9851785550878477
1323,ADE_val_00001324.jpg,0.23011450554225238,0.35026116016528125,0.12014665462302887,9,0.9463557993730407
1324,ADE_val_00001325.jpg,0.07322630959627938,0.11823361671657225,0.04500730712029287,5,0.47549663078673315
1325,ADE_val_00001326.jpg,0.1923139305757826,0.13391084363272898,-0.05840308694305363,4,0.9903496503496504
1326,ADE_val_00001327.jpg,0.05384954107787267,0.08242403308324754,0.028574492005374874,8,0.9819
1327,ADE_val_00001328.jpg,0.07813035271686097,0.06200294964096047,-0.016127403075900507,7,0.984832763671875
1328,ADE_val_00001329.jpg,0.10749011076500195,0.1670243403612065,0.05953422959620455,8,0.9938133333333333
1329,ADE_val_00001330.jpg,0.13494508151429413,0.19960004570879566,0.06465496419450154,11,0.9529393960160819
1330,ADE_val_00001331.jpg,0.07902868716296461,0.07524035337114149,-0.003788333791823126,14,0.9424423435473411
1331,ADE_val_00001332.jpg,0.2823722831926851,0.23427210126102185,-0.04810018193166324,17,0.9864768255856515
1332,ADE_val_00001333.jpg,0.13175844546229967,0.1327273362797891,0.0009688908174894373,10,0.9686928074670571
1333,ADE_val_00001334.jpg,0.32961787537915094,0.2175559336121805,-0.11206194176697043,7,0.9848668557833089
1334,ADE_val_00001335.jpg,0.3266931753297233,0.28992844142443375,-0.03676473390528956,6,0.93168065977306
1335,ADE_val_00001336.jpg,0.05832186687792742,0.05668928506202498,-0.001632581815902437,10,0.9686155975475842
1336,ADE_val_00001337.jpg,0.08926360474276969,0.2108360769670278,0.12157247222425811,5,0.6483510335286459
1337,ADE_val_00001338.jpg,0.2563171699536874,0.2512655294669063,-0.005051640486781139,5,0.6147631930933852
1338,ADE_val_00001339.jpg,0.17102840869258426,0.14200850840802298,-0.02901990028456128,7,0.9467836257309942
1339,ADE_val_00001340.jpg,0.4541159876075592,0.45801676451443346,0.003900776906874237,8,0.989423828125
1340,ADE_val_00001341.jpg,0.10107543376951078,0.1091739805169791,0.008098546747468321,7,0.9897104923474092
1341,ADE_val_00001342.jpg,0.22125259190404287,0.27850180069057284,0.057249208786529976,8,0.9856465005931198
1342,ADE_val_00001343.jpg,0.4188309526897053,0.5527903675005438,0.13395941481083845,4,0.7164051061493412
1343,ADE_val_00001344.jpg,0.8948688504845516,0.9012548237788733,0.006385973294321778,3,0.9943670742753623
1344,ADE_val_00001345.jpg,0.2933674562549316,0.24629568819520736,-0.04707176805972424,5,0.9865048783936652
1345,ADE_val_00001346.jpg,0.16290918996468062,0.12462018109900849,-0.03828900886567213,10,0.9864643691511688
1346,ADE_val_00001347.jpg,0.13171294557213345,0.14999494433295743,0.01828199876082398,6,0.9861422492679356
1347,ADE_val_00001348.jpg,0.32965252412644297,0.36444125363088514,0.03478872950444217,6,0.9814605712890625
1348,ADE_val_00001349.jpg,0.10778263734946977,0.11158990328220193,0.0038072659327321595,3,0.989410400390625
1349,ADE_val_00001350.jpg,0.2326808979898811,0.29156084951003775,0.058879951520156654,3,0.984375
1350,ADE_val_00001351.jpg,0.3564032584080383,0.3765731067265908,0.020169848318552452,6,0.984893798828125
1351,ADE_val_00001352.jpg,0.5145205105154795,0.44281614365789207,-0.07170436685758746,4,0.9764150943396226
1352,ADE_val_00001353.jpg,0.2324258115822988,0.29727601222321287,0.06485020064091407,5,0.778387513726208
1353,ADE_val_00001354.jpg,0.09379412142368038,0.11462863399438249,0.02083451257070211,3,0.9624215481171549
1354,ADE_val_00001355.jpg,0.11098290863791709,0.087250919083136,-0.02373198955478109,6,0.9809192129095153
1355,ADE_val_00001356.jpg,0.06354394315974345,0.05134107665710666,-0.012202866502636786,8,0.9708404541015625
1356,ADE_val_00001357.jpg,0.1451545893832725,0.2182987948867437,0.0731442055034712,10,0.98779296875
1357,ADE_val_00001358.jpg,0.08113563785799445,0.05728144229439919,-0.023854195563595262,9,0.9866244612068965
1358,ADE_val_00001359.jpg,0.13357007970901097,0.12569835595364523,-0.00787172375536574,11,0.9735757575757575
1359,ADE_val_00001360.jpg,0.37847778961625483,0.5754754173722617,0.19699762775600688,4,0.960540771484375
1360,ADE_val_00001361.jpg,0.2260310549604558,0.3767267769881894,0.1506957220277336,3,0.9795074462890625
1361,ADE_val_00001362.jpg,0.806645202327135,0.8031123824411207,-0.0035328198860142823,3,0.737152099609375
1362,ADE_val_00001363.jpg,0.22240281853599111,0.2629581569082522,0.04055533837226108,2,0.95880126953125
1363,ADE_val_00001364.jpg,0.2968064129005499,0.39660742786163394,0.09980101496108407,2,0.7450103759765625
1364,ADE_val_00001365.jpg,0.3070943116702894,0.6017106541514077,0.2946163424811183,3,0.9727630615234375
1365,ADE_val_00001366.jpg,0.07842275207346326,0.31795840859612823,0.23953565652266495,3,0.9832611083984375
1366,ADE_val_00001367.jpg,0.4267451902190784,0.5135744777892391,0.08682928757016073,7,0.9623627255427929
1367,ADE_val_00001368.jpg,0.3880905802121176,0.39565709067743415,0.007566510465316534,7,0.9897842407226562
1368,ADE_val_00001369.jpg,0.024781735398002287,0.025239341743630527,0.0004576063456282406,8,0.9912895772327965
1369,ADE_val_00001370.jpg,0.24197257198789696,0.21768206730767545,-0.02429050468022151,10,0.96720703125
1370,ADE_val_00001371.jpg,0.33557002292045357,0.28485828088004683,-0.05071174204040674,5,0.7878062597365812
1371,ADE_val_00001372.jpg,0.2399756101532153,0.25198241678360056,0.012006806630385253,9,0.8452700348432056
1372,ADE_val_00001373.jpg,0.07658600203687341,0.07020332238153067,-0.006382679655342741,18,0.9202898550724637
1373,ADE_val_00001374.jpg,0.34096587522413274,0.4808548397774576,0.13988896455332483,7,0.8255970900439239
1374,ADE_val_00001375.jpg,0.3018660462899808,0.33067781635637794,0.028811770066397124,11,0.9539371339677891
1375,ADE_val_00001376.jpg,0.19811543125012196,0.2382148144728582,0.040099383222736235,22,0.8859981240849195
1376,ADE_val_00001377.jpg,0.18124241294284626,0.14587319452239186,-0.0353692184204544,6,0.6162683937566689
1377,ADE_val_00001378.jpg,0.22100491551041623,0.18428051167512804,-0.03672440383528819,11,0.9257176717122396
1378,ADE_val_00001379.jpg,0.15461220510408824,0.18677933896010465,0.03216713385601641,11,0.9376303754813864
1379,ADE_val_00001380.jpg,0.15721354653418326,0.138422134773178,-0.018791411761005267,11,0.9442258418740849
1380,ADE_val_00001381.jpg,0.7280201988653111,0.5632369039251974,-0.16478329494011368,3,0.41886953239385066
1381,ADE_val_00001382.jpg,0.25932326927058147,0.35723811837283054,0.09791484910224907,9,0.6109380839666126
1382,ADE_val_00001383.jpg,0.2921289120076451,0.3208704062723218,0.028741494264676648,6,0.7082294335651538
1383,ADE_val_00001384.jpg,0.32666531939168686,0.17665689922025354,-0.15000842017143332,6,0.4656905188941802
1384,ADE_val_00001385.jpg,0.17410004520402877,0.30197768848983647,0.1278776432858077,11,0.9521870424597365
1385,ADE_val_00001386.jpg,0.18113627341866406,0.1847940174193356,0.0036577440006715367,6,0.8599657160666978
1386,ADE_val_00001387.jpg,0.13861472117194384,0.17997729865259812,0.04136257748065428,6,0.6722886597938145
1387,ADE_val_00001388.jpg,0.4703308312518166,0.34726793415293394,-0.12306289709888263,4,0.9919530106149341
1388,ADE_val_00001389.jpg,0.23514353093532078,0.20675207795357173,-0.028391452981749055,7,0.9973319683382138
1389,ADE_val_00001390.jpg,0.16236559881335239,0.20543153882379667,0.04306594001044428,5,0.986751387075718
1390,ADE_val_00001391.jpg,0.22408441269705884,0.19423295784588787,-0.029851454851170967,6,0.9813869731800766
1391,ADE_val_00001392.jpg,0.16739130034739141,0.2624886462381245,0.0950973458907331,4,0.9822213309151786
1392,ADE_val_00001393.jpg,0.2598232322674951,0.18247216572742367,-0.07735106654007143,15,0.9364382460973371
1393,ADE_val_00001394.jpg,0.42201968998816475,0.49453970980821954,0.07252001982005479,4,0.8033622685185186
1394,ADE_val_00001395.jpg,0.1376268816326964,0.15024941687763016,0.012622535244933758,8,0.770294189453125
1395,ADE_val_00001396.jpg,0.2643435809594808,0.3855265908931027,0.12118300993362191,5,0.9959555555555556
1396,ADE_val_00001397.jpg,0.6803725134913078,0.5412183868028437,-0.13915412668846405,5,0.97680764531893
1397,ADE_val_00001398.jpg,0.41610411261853697,0.34297543373968997,-0.073128678878847,7,0.9782468200951684
1398,ADE_val_00001399.jpg,0.062285508960167116,0.11625125376089507,0.05396574480072795,7,0.7299340620853623
1399,ADE_val_00001400.jpg,0.4070782430865494,0.2725183961764337,-0.1345598469101157,3,0.5758130831268778
1400,ADE_val_00001401.jpg,0.30649957981872317,0.3029646481488447,-0.0035349316698784494,4,0.43158236057068744
1401,ADE_val_00001402.jpg,0.23516686900682757,0.2420856999361433,0.006918830929315722,5,0.5104548136393229
1402,ADE_val_00001403.jpg,0.3826204317743314,0.337099821067701,-0.04552061070663044,6,0.9115214398671172
1403,ADE_val_00001404.jpg,0.32882175595488244,0.36630936540562153,0.03748760945073909,13,0.9823475247071742
1404,ADE_val_00001405.jpg,0.04998203275976746,0.020168478283665373,-0.029813554476102087,9,0.9874725341796875
1405,ADE_val_00001406.jpg,0.5265592644814076,0.6513557091006691,0.12479644461926154,6,0.9729766845703125
1406,ADE_val_00001407.jpg,0.21272695930184532,0.2214508523611063,0.008723893059260968,6,0.93609619140625
1407,ADE_val_00001408.jpg,0.27434323730132076,0.3215023784806472,0.04715914117932646,9,0.9780120849609375
1408,ADE_val_00001409.jpg,0.34838138501392485,0.3353222060589587,-0.013059178954966166,9,0.9673614501953125
1409,ADE_val_00001410.jpg,0.3723235801371597,0.4369434101031984,0.06461982996603871,6,0.982025146484375
1410,ADE_val_00001411.jpg,0.4950499807221005,0.4956797801206787,0.0006297993985782124,7,0.9457855224609375
1411,ADE_val_00001412.jpg,0.7127610725538127,0.7424634338260493,0.029702361272236577,4,0.892730712890625
1412,ADE_val_00001413.jpg,0.6341604963970059,0.4956560792081521,-0.1385044171888538,5,0.9893798828125
1413,ADE_val_00001414.jpg,0.5697710387180922,0.5661445564347632,-0.003626482283328958,6,0.981475830078125
1414,ADE_val_00001415.jpg,0.28690165523287864,0.5496282210951813,0.26272656586230264,6,0.971527099609375
1415,ADE_val_00001416.jpg,0.26497740464948927,0.3394374581638953,0.07446005351440604,7,0.9824981689453125
1416,ADE_val_00001417.jpg,0.2761039756629172,0.3110323933793384,0.03492841771642119,11,0.9903659178257687
1417,ADE_val_00001418.jpg,0.26170919647385754,0.3539880268919439,0.09227883041808638,6,0.9870147705078125
1418,ADE_val_00001419.jpg,0.2657903483140754,0.18326617655920502,-0.08252417175487037,3,0.986968994140625
1419,ADE_val_00001420.jpg,0.37699366405191026,0.5958547667624092,0.21886110271049897,14,0.9602923076923077
1420,ADE_val_00001421.jpg,0.2143906537310718,0.19543971703529367,-0.01895093669577813,8,0.9771029694363104
1421,ADE_val_00001422.jpg,0.17704240128311205,0.18690463200114793,0.00986223071803588,7,0.9406484489385066
1422,ADE_val_00001423.jpg,0.21967333537090183,0.21886588352083758,-0.0008074518500642558,17,0.7765659315519766
1423,ADE_val_00001424.jpg,0.21293404526773488,0.2876533384701717,0.07471929320243684,12,0.9896342415924662
1424,ADE_val_00001425.jpg,0.358276639363641,0.3490528950822376,-0.009223744281403434,3,0.6131265115503294
1425,ADE_val_00001426.jpg,0.05962817226661975,0.08588873135500603,0.026260559088386287,14,0.8662078419053603
1426,ADE_val_00001427.jpg,0.051950724216783976,0.026567895567421815,-0.02538282864936216,7,0.989616
1427,ADE_val_00001428.jpg,0.31746475355539344,0.31925816463580914,0.0017934110804156966,11,0.9895054871817657
1428,ADE_val_00001429.jpg,0.2717875894981222,0.3010056731562679,0.02921808365814571,9,0.9780666636163983
1429,ADE_val_00001430.jpg,0.2948509815539186,0.29148765565138884,-0.0033633259025297457,13,0.9277858482796486
1430,ADE_val_00001431.jpg,0.286876027889377,0.4015055933227553,0.11462956543337832,10,0.9904884004884005
1431,ADE_val_00001432.jpg,0.332319740542331,0.38308577907138835,0.05076603852905737,14,0.9932398426061494
1432,ADE_val_00001433.jpg,0.1666710312927961,0.15640156085038698,-0.010269470442409112,24,0.9925460128096847
1433,ADE_val_00001434.jpg,0.4961221499294824,0.47195477607030767,-0.024167373859174723,7,0.9852672035139092
1434,ADE_val_00001435.jpg,0.24843765453756594,0.23267396466330614,-0.0157636898742598,7,0.9753265380859375
1435,ADE_val_00001436.jpg,0.12378227341466079,0.11260156541973795,-0.011180707994922837,15,0.9732220818014706
1436,ADE_val_00001437.jpg,0.08576814499048678,0.11820603883331769,0.03243789384283091,9,0.989033203125
1437,ADE_val_00001438.jpg,0.1232273634300702,0.1313250074356655,0.008097644005595303,5,0.9747344441664006
1438,ADE_val_00001439.jpg,0.11259798930113155,0.10589396940210684,-0.006704019899024707,2,0.7192990483162518
1439,ADE_val_00001440.jpg,0.22502522592682325,0.28286124299017834,0.05783601706335509,3,0.26531764705882355
1440,ADE_val_00001441.jpg,0.4106664391234317,0.6382011102219236,0.2275346710984919,4,0.7204386393229166
1441,ADE_val_00001442.jpg,0.04096774970227915,0.05110114301820867,0.010133393315929523,4,0.9157691738958991
1442,ADE_val_00001443.jpg,0.29852547577692146,0.274663621784533,-0.023861853992388438,4,0.9921666666666666
1443,ADE_val_00001444.jpg,0.22663450046030542,0.1721519243304336,-0.05448257612987181,6,0.9837160979877515
1444,ADE_val_00001445.jpg,0.3877550581867938,0.3956453578342443,0.007890299647450527,4,0.9852640336920114
1445,ADE_val_00001446.jpg,0.1895867947504185,0.17032721561013972,-0.019259579140278787,5,0.4298588957055215
1446,ADE_val_00001447.jpg,0.2939892543772685,0.28327934499788116,-0.010709909379387372,12,0.9511213210207888
1447,ADE_val_00001448.jpg,0.35510297306930155,0.27702597449612454,-0.07807699857317701,11,0.8427977443265008
1448,ADE_val_00001449.jpg,0.3348130469183652,0.34594343966768865,0.011130392749323426,8,0.987111095814978
1449,ADE_val_00001450.jpg,0.07986641294456623,0.05728661118077999,-0.02257980176378624,8,0.6103093627237014
1450,ADE_val_00001451.jpg,0.06988172688972433,0.07146743512502651,0.0015857082353021856,11,0.9699859619140625
1451,ADE_val_00001452.jpg,0.25223992309116766,0.35561270752597035,0.10337278443480269,9,0.8597152955710102
1452,ADE_val_00001453.jpg,0.5096705292265328,0.35642309271159833,-0.15324743651493444,6,0.5920572916666667
1453,ADE_val_00001454.jpg,0.15757286588547956,0.4176633324010914,0.26009046651561185,3,0.17874382320644217
1454,ADE_val_00001455.jpg,0.13550313386175614,0.1435783378055551,0.008075203943798959,13,0.9309028413250366
1455,ADE_val_00001456.jpg,0.19189036168643606,0.16089504294914758,-0.030995318737288474,11,0.959676404648609
1456,ADE_val_00001457.jpg,0.30083632484202916,0.3812664621066766,0.08043013726464743,10,0.907293763726208
1457,ADE_val_00001458.jpg,0.18483289349092508,0.1324122762388791,-0.05242061725204597,8,0.9608950939457203
1458,ADE_val_00001459.jpg,0.610630780604853,0.5135503574137785,-0.09708042319107446,7,0.8563639322916666
1459,ADE_val_00001460.jpg,0.15234477279032094,0.12391071919509263,-0.028434053595228312,13,0.68408203125
1460,ADE_val_00001461.jpg,0.10460299198859635,0.10545391615188764,0.0008509241632912862,9,0.8846537272135416
1461,ADE_val_00001462.jpg,0.24121062690999948,0.3262613678673351,0.08505074095733564,23,0.9502768118594437
1462,ADE_val_00001463.jpg,0.2785500379922349,0.3744781653196382,0.0959281273274033,11,0.9592127303182579
1463,ADE_val_00001464.jpg,0.21544897467395924,0.3848212970688861,0.1693723223949269,7,0.9282777040629575
1464,ADE_val_00001465.jpg,0.26222325105555233,0.28994191222663684,0.027718661171084513,17,0.9624816983894583
1465,ADE_val_00001466.jpg,0.14200186153615327,0.24673194433913942,0.10473008280298615,11,0.927142432284041
1466,ADE_val_00001467.jpg,0.25018765148945427,0.3086080544568193,0.05842040296736506,10,0.9429561676427526
1467,ADE_val_00001468.jpg,0.11075212378997326,0.044687779597398905,-0.06606434419257436,6,0.9680501302083333
1468,ADE_val_00001469.jpg,0.18658684652755278,0.1768755428276885,-0.009711303699864282,11,0.8380364659590044
1469,ADE_val_00001470.jpg,0.17957704595019222,0.1667478661608238,-0.012829179789368428,8,0.9533709278916545
1470,ADE_val_00001471.jpg,0.27233156223538657,0.33876675709165116,0.06643519485626459,13,0.9219379117862372
1471,ADE_val_00001472.jpg,0.20111422545714266,0.23969558612134634,0.03858136066420367,16,0.9131837397234679
1472,ADE_val_00001473.jpg,0.3221162642426484,0.3543529165368377,0.032236652294189316,11,0.9208221435546875
1473,ADE_val_00001474.jpg,0.1586918765154966,0.2171221115592496,0.058430235043753,20,0.9226303100585938
1474,ADE_val_00001475.jpg,0.07682416452501897,0.07846022782108929,0.0016360632960703142,13,0.885318925424282
1475,ADE_val_00001476.jpg,0.3554644202097491,0.5339273291752242,0.17846290896547512,7,0.9744405864197531
1476,ADE_val_00001477.jpg,0.30096669622629424,0.340533922101533,0.039567225875238754,13,0.9447437959558823
1477,ADE_val_00001478.jpg,0.49274323926549246,0.49952665445497507,0.006783415189482611,12,0.9608088168008785
1478,ADE_val_00001479.jpg,0.12886051817855157,0.1618927210884853,0.03303220290993372,11,0.8815765380859375
1479,ADE_val_00001480.jpg,0.29900988146719976,0.39309158183324977,0.09408170036605001,13,0.9387407407407408
1480,ADE_val_00001481.jpg,0.0882685793420287,0.20672709522059082,0.11845851587856213,11,0.971674074074074
1481,ADE_val_00001482.jpg,0.2786805610868174,0.36039558603375954,0.08171502494694216,14,0.9550323486328125
1482,ADE_val_00001483.jpg,0.08777396647374604,0.12618464310902722,0.03841067663528118,5,0.757537841796875
1483,ADE_val_00001484.jpg,0.15490899830717844,0.49409966313431614,0.33919066482713767,6,0.9415259259259259
1484,ADE_val_00001485.jpg,0.2533438476376448,0.3625542854402175,0.10921043780257272,8,0.89658203125
1485,ADE_val_00001486.jpg,0.3572647432324551,0.2810091503894494,-0.0762555928430057,6,0.934013671875
1486,ADE_val_00001487.jpg,0.20733551423102384,0.2564187642296299,0.049083249998606054,22,0.89931640625
1487,ADE_val_00001488.jpg,0.28252214966377537,0.3708866467289755,0.08836449706520011,9,0.9060097913616398
1488,ADE_val_00001489.jpg,0.23163877446264095,0.06492463208990658,-0.16671414237273435,4,0.549835158365713
1489,ADE_val_00001490.jpg,0.17391869974349772,0.15294545387819458,-0.020973245865303136,7,0.989562362737921
1490,ADE_val_00001491.jpg,0.5294301358218805,0.371548464435358,-0.15788167138652248,5,0.980743408203125
1491,ADE_val_00001492.jpg,0.3318015665987296,0.24109754118814092,-0.0907040254105887,5,0.980712890625
1492,ADE_val_00001493.jpg,0.7139380229067797,0.6894303356024168,-0.024507687304362813,4,0.703
1493,ADE_val_00001494.jpg,0.13369133779386821,0.14450161878175186,0.010810280987883641,4,0.983712846347607
1494,ADE_val_00001495.jpg,0.057251344370669775,0.08201841881371924,0.024767074443049465,12,0.9131188232064422
1495,ADE_val_00001496.jpg,0.14675958269946376,0.175165313102776,0.028405730403312235,3,0.7345987654320988
1496,ADE_val_00001497.jpg,0.13531899333870273,0.21046985378446587,0.07515086044576313,6,0.6471535276354319
1497,ADE_val_00001498.jpg,0.2790178471751977,0.25870280177434146,-0.020315045400856213,12,0.9540863037109375
1498,ADE_val_00001499.jpg,0.33652151536499625,0.30405699571808037,-0.03246451964691588,8,0.9888989293557833
1499,ADE_val_00001500.jpg,0.3677131809071885,0.4118090110942428,0.044095830187054263,4,0.9885333333333334
1500,ADE_val_00001501.jpg,0.27068255916694295,0.2758357438773522,0.005153184710409264,6,0.930029916378316
1501,ADE_val_00001502.jpg,0.25824510434698633,0.11781588135255085,-0.1404292229944355,7,0.9238511631716907
1502,ADE_val_00001503.jpg,0.19152526346693516,0.1410334583366678,-0.05049180513026735,6,0.9576444444444444
1503,ADE_val_00001504.jpg,0.16428148640653667,0.16893933139731537,0.004657844990778703,9,0.9607421875
1504,ADE_val_00001505.jpg,0.24138994064438682,0.31255032711510594,0.07116038647071912,8,0.9945381131039531
1505,ADE_val_00001506.jpg,0.26196270418303774,0.2706384134751787,0.008675709292140954,14,0.9714102564102564
1506,ADE_val_00001507.jpg,0.1519938829944964,0.15911272368619708,0.007118840691700684,12,0.9528656005859375
1507,ADE_val_00001508.jpg,0.3008061998070134,0.3275480295343638,0.026741829727350397,14,0.9786376953125
1508,ADE_val_00001509.jpg,0.27885058639689897,0.36811503644008886,0.08926445004318989,18,0.9908149649608866
1509,ADE_val_00001510.jpg,0.1225960912970821,0.1426150974506095,0.02001900615352739,20,0.9748967488606771
1510,ADE_val_00001511.jpg,0.2967181311275765,0.30138045846960654,0.004662327342030037,19,0.9777933756510416
1511,ADE_val_00001512.jpg,0.29958879088798424,0.34066040798761743,0.041071617099633195,16,0.9870516105417276
1512,ADE_val_00001513.jpg,0.20575627568163044,0.28189151223826336,0.07613523655663293,20,0.9788253604193972
1513,ADE_val_00001514.jpg,0.18151988941993788,0.2643041319869596,0.08278424256702174,19,0.9841411226114649
1514,ADE_val_00001515.jpg,0.23843103222184014,0.35757164148801157,0.11914060926617143,15,0.9872319905397022
1515,ADE_val_00001516.jpg,0.4729342396129525,0.5318289071552009,0.058894667542248424,10,0.917144775390625
1516,ADE_val_00001517.jpg,0.4462759758098804,0.4431053915219865,-0.0031705842878938517,15,0.9892425537109375
1517,ADE_val_00001518.jpg,0.4639791262953547,0.48622670298689585,0.02224757669154115,13,0.9925115740740741
1518,ADE_val_00001519.jpg,0.23777339999082076,0.2607428098227115,0.02296940983189072,24,0.9822031656901041
1519,ADE_val_00001520.jpg,0.2434432081917496,0.19762899243072582,-0.04581421576102379,17,0.9951588700457317
1520,ADE_val_00001521.jpg,0.220926820873337,0.2686912209378622,0.047764400064525175,18,0.9963568641844406
1521,ADE_val_00001522.jpg,0.3980668988146557,0.40459524864638247,0.006528349831726787,16,0.9721470695525292
1522,ADE_val_00001523.jpg,0.26093027539987984,0.2626727578929981,0.001742482493118258,20,0.9580485026041666
1523,ADE_val_00001524.jpg,0.1881329901175538,0.37164987767241686,0.18351688755486306,8,0.9841777777777778
1524,ADE_val_00001525.jpg,0.13633890870042548,0.17546782951666332,0.03912892081623784,15,0.9733863403819918
1525,ADE_val_00001526.jpg,0.25023133079884274,0.3828747956037249,0.13264346480488215,12,0.9788373459792478
1526,ADE_val_00001527.jpg,0.1440827955821037,0.20391079060261133,0.05982799502050762,8,0.9918187792056075
1527,ADE_val_00001528.jpg,0.192263989570515,0.13084743481685446,-0.061416554753660535,16,0.9729156494140625
1528,ADE_val_00001529.jpg,0.2842464509856336,0.26317480319914943,-0.021071647786484182,14,0.974761962890625
1529,ADE_val_00001530.jpg,0.24474604905033148,0.2501035503130698,0.005357501262738318,11,0.967578125
1530,ADE_val_00001531.jpg,0.15792677875112296,0.2388419977517307,0.08091521900060775,17,0.9947725183823529
1531,ADE_val_00001532.jpg,0.10658396009722719,0.10082162585589721,-0.005762334241329978,7,0.983940336749634
1532,ADE_val_00001533.jpg,0.3215915257956728,0.30637674826304423,-0.015214777532628565,8,0.9246158854166666
1533,ADE_val_00001534.jpg,0.11077701699698216,0.13316077242945926,0.0223837554324771,22,0.9930369059244791
1534,ADE_val_00001535.jpg,0.49787152207630525,0.4076484728573571,-0.09022304921894814,5,0.5459510204081632
1535,ADE_val_00001536.jpg,0.16014923706354509,0.12981275959057165,-0.03033647747297344,10,0.9422666666666667
1536,ADE_val_00001537.jpg,0.21457920067222455,0.10241386966871978,-0.11216533100350477,2,0.681787109375
1537,ADE_val_00001538.jpg,0.2763381541078338,0.30149042967757955,0.025152275569745752,10,0.989128700965656
1538,ADE_val_00001539.jpg,0.17070334622209404,0.18888077880788082,0.018177432585786774,9,0.5012839723645681
1539,ADE_val_00001540.jpg,0.005250107917314988,0.05642723482771415,0.05117712691039916,6,0.36386666666666667
1540,ADE_val_00001541.jpg,0.14487208793579784,0.25528639155613864,0.1104143036203408,5,0.780075
1541,ADE_val_00001542.jpg,0.30960475080185773,0.3520195913898698,0.04241484058801209,6,0.99052734375
1542,ADE_val_00001543.jpg,0.18391245597374928,0.2448558960415858,0.06094344006783653,4,0.991888
1543,ADE_val_00001544.jpg,0.23179469731731475,0.25884719856330574,0.027052501245990984,10,0.9039067566472114
1544,ADE_val_00001545.jpg,0.1033074805442321,0.1331814093513468,0.029873928807114716,3,0.7277437722419929
1545,ADE_val_00001546.jpg,0.13910854699076944,0.22990419448599456,0.09079564749522512,10,0.6637765373352855
1546,ADE_val_00001547.jpg,0.31439787071647146,0.37445841379080114,0.060060543074329675,6,0.985744724025974
1547,ADE_val_00001548.jpg,0.2261297386461896,0.32869625819089276,0.10256651954470317,11,0.9758293333333333
1548,ADE_val_00001549.jpg,0.3646599934713905,0.30079094618379393,-0.06386904728759657,6,0.4539657302342606
1549,ADE_val_00001550.jpg,0.058168396943410854,0.14850518411318062,0.09033678716976976,5,0.9842320450512999
1550,ADE_val_00001551.jpg,0.42434153211939823,0.32755369737421214,-0.0967878347451861,5,0.9857186003365406
1551,ADE_val_00001552.jpg,0.48979267044740915,0.20107135283522007,-0.2887213176121891,4,0.97650146484375
1552,ADE_val_00001553.jpg,0.23449946547959707,0.2885241338444877,0.05402466836489064,3,0.985687255859375
1553,ADE_val_00001554.jpg,0.32600883002752973,0.2956384693771022,-0.03037036065042753,2,0.925445556640625
1554,ADE_val_00001555.jpg,0.14505828869148507,0.13325859554556613,-0.011799693145918944,8,0.9794130804818436
1555,ADE_val_00001556.jpg,0.24748702784126608,0.31292081539748284,0.06543378755621676,5,0.9890819454612005
1556,ADE_val_00001557.jpg,0.41370477166446146,0.5616017462828189,0.14789697461835744,4,0.9790191650390625
1557,ADE_val_00001558.jpg,0.4304269072297595,0.38143406229975907,-0.048992844930000445,6,0.91180419921875
1558,ADE_val_00001559.jpg,0.9411489475528191,0.9333226113763069,-0.007826336176512183,3,0.9780120849609375
1559,ADE_val_00001560.jpg,0.12658195117576926,0.08276148378492436,-0.0438204673908449,8,0.9805481481481482
1560,ADE_val_00001561.jpg,0.42841618221944183,0.40352186356702374,-0.02489431865241809,6,0.9407761194029851
1561,ADE_val_00001562.jpg,0.27975231371819015,0.16348625330486283,-0.11626606041332732,5,0.6165329341317365
1562,ADE_val_00001563.jpg,0.16244072677815874,0.11179809160351356,-0.05064263517464518,7,0.9820693333333333
1563,ADE_val_00001564.jpg,0.1427295929642493,0.13074219275253046,-0.011987400211718846,7,0.930389404296875
1564,ADE_val_00001565.jpg,0.2775859582448935,0.26184347052717544,-0.01574248771771808,15,0.9735484535139092
1565,ADE_val_00001566.jpg,0.20185936775975794,0.18698921445319633,-0.014870153306561606,5,0.9697508693265008
1566,ADE_val_00001567.jpg,0.40371179239835386,0.4869561711719912,0.08324437877363733,12,0.9712807695827232
1567,ADE_val_00001568.jpg,0.4751891022890867,0.4594137125454955,-0.01577538974359116,5,0.9954989476573939
1568,ADE_val_00001569.jpg,0.2506286821160872,0.396673150658169,0.1460444685420818,9,0.9746608482796486
1569,ADE_val_00001570.jpg,0.34475888193288723,0.3375473843501975,-0.007211497582689741,12,0.9799797538433382
1570,ADE_val_00001571.jpg,0.34455019985008356,0.3954262930524239,0.05087609320234032,13,0.9827135569180088
1571,ADE_val_00001572.jpg,0.3264404704320731,0.3439784376527937,0.017537967220720596,10,0.9904631451317716
1572,ADE_val_00001573.jpg,0.146578548623956,0.15398672542160546,0.007408176797649463,11,0.9608631497071742
1573,ADE_val_00001574.jpg,0.0623685833168389,0.07063855184895079,0.008269968532111892,6,0.800283203125
1574,ADE_val_00001575.jpg,0.15435978141185638,0.18436523109006334,0.030005449678206952,6,0.906961886682243
1575,ADE_val_00001576.jpg,0.18242276982567912,0.20243120623203073,0.02000843640635161,12,0.992976756954612
1576,ADE_val_00001577.jpg,0.19109586740996076,0.19093800164579458,-0.0001578657641661818,8,0.9938203468155198
1577,ADE_val_00001578.jpg,0.29096891080519993,0.4663949345274783,0.1754260237222784,11,0.9660563536729858
1578,ADE_val_00001579.jpg,0.34001372938953506,0.44497638266314476,0.10496265327360971,9,0.7153813598096632
1579,ADE_val_00001580.jpg,0.24964198191080017,0.23004501922769607,-0.019596962683104097,16,0.9859563735358712
1580,ADE_val_00001581.jpg,0.13869168671824156,0.15564446313259944,0.016952776414357884,10,0.9402452415812591
1581,ADE_val_00001582.jpg,0.48997817410792277,0.3846065003901572,-0.10537167371776557,8,0.9526045479502196
1582,ADE_val_00001583.jpg,0.20880990912442124,0.22318975125096607,0.014379842126544834,11,0.9901457265739385
1583,ADE_val_00001584.jpg,0.0959793639958327,0.14727645790982094,0.051297093913988234,6,0.8489602397510981
1584,ADE_val_00001585.jpg,0.36045298992318886,0.3587742816794647,-0.0016787082437241807,10,0.9590387079062958
1585,ADE_val_00001586.jpg,0.44444261236778676,0.3971351551357031,-0.04730745723208368,5,0.9853472730600292
1586,ADE_val_00001587.jpg,0.2726013408353509,0.2941131111501444,0.021511770314793455,10,0.9945638497437774
1587,ADE_val_00001588.jpg,0.24853621544958715,0.5038962165835106,0.25536000113392343,7,0.9516780289165446
1588,ADE_val_00001589.jpg,0.24499539038668333,0.19979887228421797,-0.04519651810246536,9,0.976739796852123
1589,ADE_val_00001590.jpg,0.5704196508158801,0.5966277714177081,0.026208120601827978,8,0.9883556002928258
1590,ADE_val_00001591.jpg,0.1708074333181246,0.1277070989436676,-0.04310033437445698,7,0.8100372314453125
1591,ADE_val_00001592.jpg,0.30528467663839964,0.3621719593109065,0.05688728267250687,7,0.8154940290995608
1592,ADE_val_00001593.jpg,0.25714674922889597,0.236581741661847,-0.02056500756704896,6,0.9831768164348462
1593,ADE_val_00001594.jpg,0.23432299523432623,0.2738553933427723,0.03953239810844608,11,0.9865225796120058
1594,ADE_val_00001595.jpg,0.3220240244306711,0.34572307948448483,0.023699055053813756,12,0.9552211063323572
1595,ADE_val_00001596.jpg,0.07241027808221723,0.08811375560772997,0.015703477525512738,4,0.9932684388726208
1596,ADE_val_00001597.jpg,0.12837425096844107,0.12993733599636614,0.0015630850279250708,12,0.9579348920204978
1597,ADE_val_00001598.jpg,0.22312852607390746,0.17432885549506558,-0.04879967057884188,7,0.9906882885126163
1598,ADE_val_00001599.jpg,0.3024569210211842,0.275219931704223,-0.027236989316961224,10,0.9859466552734375
1599,ADE_val_00001600.jpg,0.00027398415107064575,0.0055033721754088665,0.00522938802433822,3,0.3332707707707708
1600,ADE_val_00001601.jpg,0.3146904469051184,0.3274639822777642,0.012773535372645806,6,0.96514892578125
1601,ADE_val_00001602.jpg,0.5186409407430984,0.4029867457051987,-0.1156541950378997,9,0.978074784569234
1602,ADE_val_00001603.jpg,0.2958641719143279,0.32671761928331866,0.03085344736899076,5,0.98876953125
1603,ADE_val_00001604.jpg,0.2394098693945979,0.2620938252320608,0.02268395583746291,4,0.968536376953125
1604,ADE_val_00001605.jpg,0.19116329709311414,0.24334082107189353,0.052177523978779394,7,0.9865993923611112
1605,ADE_val_00001606.jpg,0.236118386642922,0.3117419417404871,0.07562355509756508,6,0.9891204833984375
1606,ADE_val_00001607.jpg,0.145094738666591,0.20330979185990816,0.05821505319331716,9,0.9505185185185185
1607,ADE_val_00001608.jpg,0.16843888270262633,0.16512702194858536,-0.0033118607540409684,7,0.9786835188620903
1608,ADE_val_00001609.jpg,0.3792199756394241,0.34682912201126764,-0.03239085362815647,5,0.9730682373046875
1609,ADE_val_00001610.jpg,0.12894537905553224,0.11428784623689942,-0.014657532818632829,5,0.9854252909474341
1610,ADE_val_00001611.jpg,0.12978176935634073,0.20604246797162187,0.07626069861528115,4,0.7921375446730416
1611,ADE_val_00001612.jpg,0.23043125633297462,0.1278769692404252,-0.10255428709254943,7,0.9795030303030303
1612,ADE_val_00001613.jpg,0.14181930472242535,0.3596562609872616,0.21783695626483626,4,0.9914220174153646
1613,ADE_val_00001614.jpg,0.2561825902129619,0.27878359651887297,0.022601006305911053,8,0.9871063232421875
1614,ADE_val_00001615.jpg,0.13917953439358252,0.13630269239001835,-0.0028768420035641673,11,0.8759648708254568
1615,ADE_val_00001616.jpg,0.6896788616145485,0.27292726686770885,-0.41675159474683965,4,0.9699859619140625
1616,ADE_val_00001617.jpg,0.11227532685065206,0.14613591016139046,0.03386058331073841,14,0.9759676976573939
1617,ADE_val_00001618.jpg,0.2918252759574976,0.2290904255108366,-0.06273485044666097,3,0.9867095947265625
1618,ADE_val_00001619.jpg,0.15324461941876674,0.13280781315297602,-0.020436806265790725,5,0.9474678632882351
1619,ADE_val_00001620.jpg,0.1726301274955719,0.20819974186845075,0.03556961437287884,8,0.9810943603515625
1620,ADE_val_00001621.jpg,0.2782369862155257,0.3238714373187628,0.045634451103237106,7,0.7901750044389204
1621,ADE_val_00001622.jpg,0.22309167019606918,0.32230800171004204,0.09921633151397286,7,0.9444409287555229
1622,ADE_val_00001623.jpg,0.9296578355746946,0.6818962978296579,-0.24776153774503673,3,0.969207763671875
1623,ADE_val_00001624.jpg,0.4415729275094224,0.29270494286029414,-0.14886798464912826,4,0.974884033203125
1624,ADE_val_00001625.jpg,0.4010944719837859,0.39078690394062693,-0.010307568043158966,6,0.9711456298828125
1625,ADE_val_00001626.jpg,0.1125889467517461,0.11948049200705772,0.006891545255311618,8,0.7662666666666667
1626,ADE_val_00001627.jpg,0.3421207535459265,0.4434145632576635,0.10129380971173696,3,0.9573822021484375
1627,ADE_val_00001628.jpg,0.11980010748169635,0.22740374625835716,0.1076036387766608,12,0.7939339247476292
1628,ADE_val_00001629.jpg,0.16082791158724424,0.16864418088697786,0.007816269299733614,6,0.8789706666666667
1629,ADE_val_00001630.jpg,0.30229220441437604,0.1210176620711878,-0.18127454234318824,6,0.9514045266544118
1630,ADE_val_00001631.jpg,0.21861032802310484,0.25770523957872055,0.0390949115556157,6,0.9844839913504464
1631,ADE_val_00001632.jpg,0.06981541860145962,0.07809620353690391,0.00828078493544429,5,0.9517342342342342
1632,ADE_val_00001633.jpg,0.15307973115781198,0.17775578813019843,0.02467605697238645,4,0.946015019379845
1633,ADE_val_00001634.jpg,0.2125493679178559,0.35762776095563087,0.14507839303777498,8,0.982225
1634,ADE_val_00001635.jpg,0.06933645636091375,0.10632676463256656,0.03699030827165281,11,0.7115666178623719
1635,ADE_val_00001636.jpg,0.21450516919667034,0.27130380544590355,0.0567986362492332,13,0.9564650439238653
1636,ADE_val_00001637.jpg,0.10798128850815479,0.1630709276642176,0.05508963915606281,5,0.8677985948477752
1637,ADE_val_00001638.jpg,0.19278792616309098,0.158736036546006,-0.034051889617084996,11,0.9806231698389458
1638,ADE_val_00001639.jpg,0.4201442022617268,0.5089479617327087,0.08880375947098196,10,0.9948212161420205
1639,ADE_val_00001640.jpg,0.25043145083250995,0.2127057519935911,-0.03772569883891885,6,0.97662353515625
1640,ADE_val_00001641.jpg,0.10883191284033651,0.16993852728151895,0.06110661444118244,9,0.9788730783308931
1641,ADE_val_00001642.jpg,0.1562105878675185,0.13180494849893643,-0.02440563936858209,3,0.6469710962460063
1642,ADE_val_00001643.jpg,0.7214917819906864,0.7043979359689745,-0.017093846021711934,3,0.9606781005859375
1643,ADE_val_00001644.jpg,0.33411041414690096,0.3854964814345972,0.051386067287696235,12,0.9385151674597365
1644,ADE_val_00001645.jpg,0.27551351284612113,0.23968833710582427,-0.035825175740296866,12,0.8508790492313324
1645,ADE_val_00001646.jpg,0.1891914179656185,0.14866150035248785,-0.040529917613130656,13,0.9576263427734375
1646,ADE_val_00001647.jpg,0.11246426533476492,0.17928400199836636,0.06681973666360144,13,0.8940582275390625
1647,ADE_val_00001648.jpg,0.0632403505478764,0.07419511338657529,0.010954762838698895,11,0.8146209716796875
1648,ADE_val_00001649.jpg,0.3652772041817538,0.37481218935679667,0.009534985175042865,5,0.9876404494382023
1649,ADE_val_00001650.jpg,0.1581762556993744,0.18981156507695698,0.03163530937758258,6,0.9907664009809932
1650,ADE_val_00001651.jpg,0.02799522112845211,0.04101498017726291,0.013019759048810801,16,0.6869303385416666
1651,ADE_val_00001652.jpg,0.11069400452861503,0.14076612375220712,0.030072119223592098,6,0.9936030151903368
1652,ADE_val_00001653.jpg,0.3402486311049161,0.30533864975482883,-0.03490998135008727,5,0.9818078948513731
1653,ADE_val_00001654.jpg,0.10682648275349156,0.06582738061789256,-0.040999102135599,11,0.9468599568416975
1654,ADE_val_00001655.jpg,0.27785469090115433,0.2567034695970036,-0.021151221304150758,5,0.9873196581196582
1655,ADE_val_00001656.jpg,0.15963571159430742,0.17367125228880648,0.014035540694499055,6,0.599228515625
1656,ADE_val_00001657.jpg,0.13975610722793427,0.13517420632258997,-0.004581900905344299,5,0.9758333333333333
1657,ADE_val_00001658.jpg,0.08872853230817374,0.1020787586913636,0.013350226383189862,4,0.9865892857142857
1658,ADE_val_00001659.jpg,0.30989017397331636,0.27697098186028407,-0.03291919211303229,3,0.9890425531914894
1659,ADE_val_00001660.jpg,0.1471006758854452,0.0985314964829743,-0.04856917940247091,5,0.9660296296296297
1660,ADE_val_00001661.jpg,0.030706028882312452,0.02153110793771553,-0.009174920944596921,6,0.8627471923828125
1661,ADE_val_00001662.jpg,0.3732601850464052,0.40292837276711874,0.029668187720713557,8,0.9896907993966817
1662,ADE_val_00001663.jpg,0.1413145945699497,0.14163066052517817,0.0003160659552284839,18,0.9545156021564327
1663,ADE_val_00001664.jpg,0.3470813528516893,0.3411572157614665,-0.00592413709022277,8,0.9864593837535014
1664,ADE_val_00001665.jpg,0.24137161985682917,0.25187317185380104,0.010501551996971864,3,0.9769893985995681
1665,ADE_val_00001666.jpg,0.22408703180610554,0.27758847235942596,0.05350144055332043,6,0.9530792236328125
1666,ADE_val_00001667.jpg,0.21959890376034816,0.4683811942673579,0.24878229050700976,4,0.9923501795084231
1667,ADE_val_00001668.jpg,0.1852381974424726,0.2523721050230582,0.06713390758058557,5,0.9872847210509548
1668,ADE_val_00001669.jpg,0.19724298030521012,0.32287898019977584,0.12563599989456573,8,0.897333984375
1669,ADE_val_00001670.jpg,0.4047899347242138,0.39266449251962465,-0.012125442204589165,7,0.9884496124031008
1670,ADE_val_00001671.jpg,0.1678015289156511,0.13276252238296593,-0.03503900653268516,5,0.9813181860207101
1671,ADE_val_00001672.jpg,0.06624075358189849,0.020699863308587772,-0.045540890273310715,2,0.5908333333333333
1672,ADE_val_00001673.jpg,0.4020119725952217,0.35560222776132844,-0.04640974483389326,7,0.9818033677349267
1673,ADE_val_00001674.jpg,0.22174405009115833,0.18765943183330372,-0.03408461825785461,6,0.9549272727272727
1674,ADE_val_00001675.jpg,0.1165213214936523,0.267291391045692,0.1507700695520397,4,0.5506909062460271
1675,ADE_val_00001676.jpg,0.21614487535871577,0.24490325200998458,0.02875837665126882,4,0.6840598691434846
1676,ADE_val_00001677.jpg,0.10543326225850944,0.08110294504022607,-0.024330317218283368,15,0.985945945945946
1677,ADE_val_00001678.jpg,0.163936728806874,0.3284439778827992,0.16450724907592523,7,0.9748201804291288
1678,ADE_val_00001679.jpg,0.16069097191355156,0.18683157473459777,0.026140602821046216,14,0.7921069436757632
1679,ADE_val_00001680.jpg,0.2592705655175693,0.2750422937672589,0.015771728249689643,5,0.7574814814814815
1680,ADE_val_00001681.jpg,0.17373445195534573,0.22638268975998965,0.05264823780464392,7,0.98225
1681,ADE_val_00001682.jpg,0.24958522910911007,0.18912338767279796,-0.060461841436312114,6,0.951271186440678
1682,ADE_val_00001683.jpg,0.4241421657661869,0.3365707093539839,-0.08757145641220299,6,0.9870731120731121
1683,ADE_val_00001684.jpg,0.24174546344128647,0.2696808727796749,0.027935409338388423,6,0.9857537537537537
1684,ADE_val_00001685.jpg,0.09587890319139794,0.10159044240710313,0.005711539215705191,4,0.865257906626506
1685,ADE_val_00001686.jpg,0.2517323820015798,0.2772507642218471,0.025518382220267255,5,0.9909731270358306
1686,ADE_val_00001687.jpg,0.5125387275956237,0.39203349448743285,-0.12050523310819083,5,0.9816221644612476
1687,ADE_val_00001688.jpg,0.4317282490411003,0.49842923602157,0.06670098698046972,5,0.434484126984127
1688,ADE_val_00001689.jpg,0.22467299418054124,0.24726709977357278,0.022594105593031544,10,0.9604084690702782
1689,ADE_val_00001690.jpg,0.36513965396384457,0.29377374650282145,-0.07136590746102311,11,0.9816097410322109
1690,ADE_val_00001691.jpg,0.25604690176269673,0.2287922989789254,-0.027254602783771342,9,0.9834399020863837
1691,ADE_val_00001692.jpg,0.09678807756348708,0.19211012861258392,0.09532205104909684,7,0.9619440885797951
1692,ADE_val_00001693.jpg,0.253119697781687,0.3385869459852014,0.08546724820351437,4,0.9835988898026315
1693,ADE_val_00001694.jpg,0.25707945495655066,0.3721443631618125,0.11506490820526183,6,0.9856586666666667
1694,ADE_val_00001695.jpg,0.3821127606776101,0.4267958404786859,0.04468307980107583,6,0.9730222822108345
1695,ADE_val_00001696.jpg,0.2899693887781297,0.30184824884307915,0.011878860064949426,7,0.9711435075036603
1696,ADE_val_00001697.jpg,0.20193282286934036,0.19556123584474175,-0.006371587024598613,17,0.9238062606216765
1697,ADE_val_00001698.jpg,0.1424258837622252,0.18157754239372115,0.039151658631495945,14,0.9892935578330894
1698,ADE_val_00001699.jpg,0.3158743725279976,0.2773674554149884,-0.03850691711300919,14,0.9904888817715959
1699,ADE_val_00001700.jpg,0.18091607854872663,0.22751913762818374,0.04660305907945711,7,0.9883880615234375
1700,ADE_val_00001701.jpg,0.24838974687899623,0.1686319595385013,-0.07975778734049493,4,0.991398243045388
1701,ADE_val_00001702.jpg,0.13185694981871204,0.13859951041717813,0.006742560598466091,8,0.9962996431185944
1702,ADE_val_00001703.jpg,0.10686818308289804,0.15129043839891762,0.04442225531601958,8,0.8570590277777778
1703,ADE_val_00001704.jpg,0.19148975360428608,0.30882797588946964,0.11733822228518356,3,0.3381476151315789
1704,ADE_val_00001705.jpg,0.41091304813510204,0.5734494618154942,0.16253641368039212,7,0.9918833333333333
1705,ADE_val_00001706.jpg,0.21943392911629697,0.1161185776144149,-0.10331535150188208,6,0.8654077292899408
1706,ADE_val_00001707.jpg,0.2257901514802525,0.24017670478698067,0.014386553306728167,8,0.9546222222222223
1707,ADE_val_00001708.jpg,0.26893916376546895,0.2734346472886404,0.004495483523171473,10,0.9183719573572474
1708,ADE_val_00001709.jpg,0.11305821216429608,0.11536333662254715,0.0023051244582510677,6,0.9714008739019033
1709,ADE_val_00001710.jpg,0.21311280023917484,0.21770635873395455,0.004593558494779715,11,0.9217320186676428
1710,ADE_val_00001711.jpg,0.1923606603111226,0.1356608348460795,-0.0566998254650431,2,0.9121369057809736
1711,ADE_val_00001712.jpg,0.3051207706280997,0.42237783285465186,0.11725706222655213,9,0.9878776041666667
1712,ADE_val_00001713.jpg,0.25643730665214975,0.37431802564060146,0.1178807189884517,6,0.9811936936936937
1713,ADE_val_00001714.jpg,0.263117426123192,0.30713978936184344,0.04402236323865144,11,0.9862280380673499
1714,ADE_val_00001715.jpg,0.18030185409187877,0.2397503932629848,0.05944853917110604,13,0.9792432141276955
1715,ADE_val_00001716.jpg,0.17914958983309154,0.22657547765981276,0.04742588782672122,12,0.986190862920937
1716,ADE_val_00001717.jpg,0.12344516266630334,0.08383092843021431,-0.039614234236089035,5,0.42093953488372093
1717,ADE_val_00001718.jpg,0.09060080483278318,0.09955229149600733,0.00895148666322415,6,0.9769678953626635
1718,ADE_val_00001719.jpg,0.26387900307455325,0.19974943328847172,-0.06412956978608153,4,0.5005514705882353
1719,ADE_val_00001720.jpg,0.2329025484976393,0.12671008836475559,-0.10619246013288372,9,0.9285786946614584
1720,ADE_val_00001721.jpg,0.5132212629281734,0.41143134590796965,-0.10178991702020374,4,0.9931733914940022
1721,ADE_val_00001722.jpg,0.28745300591864753,0.24709216946363333,-0.040360836455014204,13,0.9910322108345534
1722,ADE_val_00001723.jpg,0.14118400384060406,0.13794357613016167,-0.0032404277104423895,6,0.9934314375915081
1723,ADE_val_00001724.jpg,0.14983855365786683,0.16734945866364415,0.017510905005777316,11,0.9608916666666667
1724,ADE_val_00001725.jpg,0.2410642125788494,0.20631562234238043,-0.03474859023646898,12,0.9762589351173021
1725,ADE_val_00001726.jpg,0.3318222946073109,0.4957790445168295,0.16395674990951864,1,0.1785956679400415
1726,ADE_val_00001727.jpg,0.05314245191225109,0.11469819887257655,0.061555746960325466,10,0.9736434804064512
1727,ADE_val_00001728.jpg,0.26279928218178056,0.1981212822453698,-0.06467799993641077,13,0.9580893118594437
1728,ADE_val_00001729.jpg,0.1533545230889066,0.28111773148828195,0.12776320839937536,10,0.932236328125
1729,ADE_val_00001730.jpg,0.21767273835599837,0.1500479956529911,-0.06762474270300728,4,0.9556732177734375
1730,ADE_val_00001731.jpg,0.19402177109389512,0.2208109653295866,0.026789194235691483,4,0.9678802490234375
1731,ADE_val_00001732.jpg,0.35862835115352665,0.4433699340121152,0.08474158285858857,7,0.9020958444543298
1732,ADE_val_00001733.jpg,0.07441731602838204,0.05931542393861028,-0.015101892089771765,3,0.9956198852695763
1733,ADE_val_00001734.jpg,0.18915733713316615,0.21136674689536378,0.022209409762197624,6,0.8611631944444444
1734,ADE_val_00001735.jpg,0.31658681883770073,0.3249769318158698,0.008390112978169051,12,0.9302394079428989
1735,ADE_val_00001736.jpg,0.324554252194302,0.3552460429751022,0.0306917907808002,11,0.903540715665658
1736,ADE_val_00001737.jpg,0.23160784527799066,0.24917552582014874,0.01756768054215807,5,0.5742594401041666
1737,ADE_val_00001738.jpg,0.19284838746467006,0.17918042858082334,-0.013667958883846726,7,0.9873890464860908
1738,ADE_val_00001739.jpg,0.37334560873727596,0.27858251896328884,-0.09476308977398712,3,0.990720536555114
1739,ADE_val_00001740.jpg,0.3350402230972766,0.40354151767870133,0.06850129458142473,4,0.995087575259989
1740,ADE_val_00001741.jpg,0.20228052984886905,0.4169960869647673,0.21471555711589826,5,0.9263293413173652
1741,ADE_val_00001742.jpg,0.4064028938324782,0.2869402311374034,-0.11946266269507477,4,0.8822607477453813
1742,ADE_val_00001743.jpg,0.07805117528294304,0.06976583928466437,-0.008285335998278673,8,0.79644775390625
1743,ADE_val_00001744.jpg,0.05480414457631254,0.05991568324342493,0.005111538667112392,4,0.9562788550323177
1744,ADE_val_00001745.jpg,0.10923813341804364,0.15075275325350626,0.04151461983546262,3,0.9830767295021962
1745,ADE_val_00001746.jpg,0.14008199071278568,0.17628473347877227,0.03620274276598659,6,0.8760740740740741
1746,ADE_val_00001747.jpg,0.2869298100557051,0.31638726871850525,0.02945745866280014,6,0.8049163818359375
1747,ADE_val_00001748.jpg,0.18202911267182462,0.11158968128723662,-0.070439431384588,5,0.9886016845703125
1748,ADE_val_00001749.jpg,0.06595565095714824,0.09061571318304565,0.02466006222589741,8,0.74795
1749,ADE_val_00001750.jpg,0.2662634097821492,0.4844679056687572,0.218204495886608,6,0.9818421378968254
1750,ADE_val_00001751.jpg,0.11179781228650217,0.16409638872493204,0.052298576438429875,7,0.7420666666666667
1751,ADE_val_00001752.jpg,0.46187837616553395,0.3997771001999795,-0.06210127596555448,6,0.8473968505859375
1752,ADE_val_00001753.jpg,0.6263433510650703,0.5681858088587464,-0.058157542206323964,4,0.990142822265625
1753,ADE_val_00001754.jpg,0.3815020092347635,0.4222646638461191,0.04076265461135559,6,0.98443603515625
1754,ADE_val_00001755.jpg,0.6044889977066585,0.581736719098028,-0.022752278608630494,4,0.983123779296875
1755,ADE_val_00001756.jpg,0.3589630474194303,0.3710560616696444,0.012093014250214085,5,0.987152099609375
1756,ADE_val_00001757.jpg,0.18725858948862642,0.338870004837363,0.1516114153487366,4,0.98590087890625
1757,ADE_val_00001758.jpg,0.2087001265887096,0.17076178429702307,-0.03793834229168652,7,0.987513353115727
1758,ADE_val_00001759.jpg,0.4860945111298641,0.512630126563685,0.02653561543382088,2,0.9778900146484375
1759,ADE_val_00001760.jpg,0.4621300449138098,0.47946677378314456,0.01733672886933474,2,0.974151611328125
1760,ADE_val_00001761.jpg,0.5232038267604195,0.5202689857114883,-0.0029348410489312693,3,0.97991943359375
1761,ADE_val_00001762.jpg,0.2055989775692809,0.24937898980265885,0.04378001223337796,4,0.9899481193255513
1762,ADE_val_00001763.jpg,0.6025450194859375,0.527443652489042,-0.07510136699689551,7,0.98495
1763,ADE_val_00001764.jpg,0.11696278632047488,0.2610669612806251,0.14410417496015024,4,0.98919677734375
1764,ADE_val_00001765.jpg,0.12080944122410929,0.1638445794991173,0.043035138275008,4,0.9766693115234375
1765,ADE_val_00001766.jpg,0.48775269362586443,0.4579952958475552,-0.029757397778309214,5,0.9804840087890625
1766,ADE_val_00001767.jpg,0.3681192687880973,0.20582349103323208,-0.16229577775486523,4,0.9941263268667643
1767,ADE_val_00001768.jpg,0.15366955669204257,0.12832735617668978,-0.025342200515352797,5,0.5522215568862275
1768,ADE_val_00001769.jpg,0.05772601697990426,0.07858533904163366,0.0208593220617294,17,0.9853287337662338
1769,ADE_val_00001770.jpg,0.10088442174403053,0.06516261150057802,-0.035721810243452515,7,0.952260474082106
1770,ADE_val_00001771.jpg,0.21539916577644522,0.13767789795576074,-0.07772126782068448,6,0.9825424382716049
1771,ADE_val_00001772.jpg,0.3178135487066785,0.26673030524006885,-0.05108324346660964,7,0.5584505208333334
1772,ADE_val_00001773.jpg,0.18722797296163654,0.07370009729241425,-0.11352787566922229,6,0.958282470703125
1773,ADE_val_00001774.jpg,0.10958889247312317,0.13148592122476402,0.021897028751640846,8,0.9834969667943806
1774,ADE_val_00001775.jpg,0.22026186904807224,0.23660118525032636,0.016339316202254123,6,0.9833598937583001
1775,ADE_val_00001776.jpg,0.30718773377370856,0.42325150215940516,0.1160637683856966,9,0.7448567708333333
1776,ADE_val_00001777.jpg,0.427668712358923,0.47248773920863085,0.044819026849707844,10,0.9957706121888726
1777,ADE_val_00001778.jpg,0.298477288630945,0.30061016712901073,0.0021328784980657045,11,0.9828679767569546
1778,ADE_val_00001779.jpg,0.2525054213420615,0.2602278019349536,0.0077223805928920974,13,0.9448749771229868
1779,ADE_val_00001780.jpg,0.27854848566000895,0.28755165207315264,0.009003166413143693,19,0.9699539028184481
1780,ADE_val_00001781.jpg,0.314789725289589,0.3294329583600838,0.01464323307049481,12,0.9903687774524158
1781,ADE_val_00001782.jpg,0.23758070268379813,0.20067655659480493,-0.0369041460889932,9,0.9932083867130308
1782,ADE_val_00001783.jpg,0.4236560277271829,0.3184578433135663,-0.10519818441361661,9,0.9889847181551976
1783,ADE_val_00001784.jpg,0.30419818156558737,0.34110153363442164,0.03690335206883427,11,0.9840089677891655
1784,ADE_val_00001785.jpg,0.3008246750668882,0.2867271579405065,-0.014097517126381687,8,0.9892049094070278
1785,ADE_val_00001786.jpg,0.18449479605997143,0.14927379092125276,-0.035221005138718675,5,0.9532651217057101
1786,ADE_val_00001787.jpg,0.31851452350057874,0.4851976994868762,0.16668317598629745,10,0.938841164897511
1787,ADE_val_00001788.jpg,0.26928237413087835,0.2850325380564326,0.015750163925554228,10,0.9859363561493412
1788,ADE_val_00001789.jpg,0.24642038307483377,0.27089506043160444,0.02447467735677067,16,0.9792562683016105
1789,ADE_val_00001790.jpg,0.39932889217359196,0.4388303758339574,0.03950148366036543,14,0.9945581304904831
1790,ADE_val_00001791.jpg,0.4466173586346474,0.489355016697592,0.042737658062944606,12,0.9719127470717424
1791,ADE_val_00001792.jpg,0.4392732908948904,0.5036601055283619,0.06438681463347151,10,0.9857762170571011
1792,ADE_val_00001793.jpg,0.24476896180609328,0.2919481373835875,0.04717917557749421,13,0.9887788250366032
1793,ADE_val_00001794.jpg,0.370987246762758,0.4572756633622588,0.08628841659950076,6,0.9694248718887262
1794,ADE_val_00001795.jpg,0.31529107602036216,0.33155057740167304,0.01625950138131088,15,0.9766139732796486
1795,ADE_val_00001796.jpg,0.3401117797925035,0.2957532568369653,-0.044358522955538215,10,0.9920931323206442
1796,ADE_val_00001797.jpg,0.3233020199778052,0.3168096137513901,-0.006492406226415115,12,0.98077392578125
1797,ADE_val_00001798.jpg,0.3171901299340797,0.397959195456413,0.08076906552233332,9,0.9569283034407028
1798,ADE_val_00001799.jpg,0.400527936190516,0.4696550245744962,0.06912708838398018,10,0.9955589998169839
1799,ADE_val_00001800.jpg,0.26838168642741594,0.2635405434537588,-0.00484114297365712,8,0.984552296852123
1800,ADE_val_00001801.jpg,0.3257956642251406,0.3539499677256602,0.028154303500519562,8,0.9939175741215227
1801,ADE_val_00001802.jpg,0.19255777783021558,0.28409378493554116,0.09153600710532558,17,0.9801541910688141
1802,ADE_val_00001803.jpg,0.27926365396167124,0.3418869120230622,0.06262325806139096,16,0.9834341828330894
1803,ADE_val_00001804.jpg,0.32436936253812726,0.38560959780874055,0.061240235270613286,15,0.9818957036969254
1804,ADE_val_00001805.jpg,0.4269698591737926,0.5317995056954263,0.10482964652163373,9,0.9857647785505125
1805,ADE_val_00001806.jpg,0.2442054483134363,0.2383566495249884,-0.0058487987884479065,17,0.9867313323572474
1806,ADE_val_00001807.jpg,0.5312797485525539,0.4532480622245622,-0.07803168632799168,9,0.9728650027452416
1807,ADE_val_00001808.jpg,0.41701120285999826,0.4760344490339802,0.059023246173981914,9,0.9959250320278185
1808,ADE_val_00001809.jpg,0.34125446998837045,0.4411609348076773,0.09990646481930687,12,0.9902658308931186
1809,ADE_val_00001810.jpg,0.3290031732450843,0.31567606553962374,-0.013327107705460584,11,0.9850184159956076
1810,ADE_val_00001811.jpg,0.2323369751820831,0.24418554742442097,0.011848572242337874,15,0.9678577964860908
1811,ADE_val_00001812.jpg,0.5896858240759396,0.5936626264169612,0.003976802341021601,9,0.9790732521961932
1812,ADE_val_00001813.jpg,0.2417937607986501,0.2558630634908301,0.014069302692180014,17,0.9858648654831625
1813,ADE_val_00001814.jpg,0.42068749318807136,0.36901903636608907,-0.05166845682198229,8,0.988498581625183
1814,ADE_val_00001815.jpg,0.26656766431387824,0.2887229184089009,0.02215525409502267,6,0.9970202690336749
1815,ADE_val_00001816.jpg,0.2762564333865384,0.2994361216367483,0.02317968825020994,14,0.9931082997803806
1816,ADE_val_00001817.jpg,0.2347657714458601,0.24784527130482045,0.013079499858960342,12,0.9712378751830161
1817,ADE_val_00001818.jpg,0.28927381744975084,0.26360101646672107,-0.025672800983029764,15,0.9845866123718887
1818,ADE_val_00001819.jpg,0.5075741878163734,0.4857633113451945,-0.021810876471178908,13,0.982699258784773
1819,ADE_val_00001820.jpg,0.24134152241965517,0.2665253589022068,0.025183836482551625,12,0.994732567715959
1820,ADE_val_00001821.jpg,0.33580495662168075,0.3524982663975232,0.016693309775842435,12,0.9901971998535871
1821,ADE_val_00001822.jpg,0.2714309176153016,0.30760670501017096,0.036175787394869374,16,0.9891362783674963
1822,ADE_val_00001823.jpg,0.2495096466133267,0.34404713237739915,0.09453748576407245,15,0.9807118182650073
1823,ADE_val_00001824.jpg,0.3791629556468605,0.3305563403333942,-0.04860661531346627,7,0.9882698114934114
1824,ADE_val_00001825.jpg,0.3227670954469611,0.32564424070375353,0.002877145256792446,14,0.9799683153367497
1825,ADE_val_00001826.jpg,0.2925420022227176,0.39615761121402837,0.10361560899131078,10,0.963127974011713
1826,ADE_val_00001827.jpg,0.30404585485629043,0.27323464699011457,-0.03081120786617586,14,0.9212373032576867
1827,ADE_val_00001828.jpg,0.2720947177140283,0.26246853727225317,-0.009626180441775156,9,0.9107796486090776
1828,ADE_val_00001829.jpg,0.25180350773503407,0.3173637585042013,0.06556025076916722,16,0.983053852489019
1829,ADE_val_00001830.jpg,0.2826247301735766,0.2916202183586152,0.008995488185038591,14,0.9925992862371888
1830,ADE_val_00001831.jpg,0.41238704257142966,0.373068894832895,-0.03931814773853465,14,0.9849812408491947
1831,ADE_val_00001832.jpg,0.48619389076253827,0.4940157202364928,0.007821829473954545,12,0.9762679584553441
1832,ADE_val_00001833.jpg,0.24441259891894088,0.2489124844057331,0.004499885486792227,7,0.985518850658858
1833,ADE_val_00001834.jpg,0.28580773732620074,0.25272094803188844,-0.0330867892943123,8,0.9830452736090776
1834,ADE_val_00001835.jpg,0.36471963878179275,0.4831034606180909,0.11838382183629814,11,0.9722902177891655
1835,ADE_val_00001836.jpg,0.3169798902384786,0.42955502530072476,0.11257513506224615,10,0.9844808061859444
1836,ADE_val_00001837.jpg,0.389719285937818,0.4049485153267439,0.015229229388925902,8,0.982599171852123
1837,ADE_val_00001838.jpg,0.5897216555578211,0.6002937864537674,0.01057213089594633,8,0.9882383556002928
1838,ADE_val_00001839.jpg,0.34406883502547725,0.4302162109919108,0.08614737596643357,11,0.9555957174231332
1839,ADE_val_00001840.jpg,0.3985595005588274,0.44203637781326816,0.04347687725444077,12,0.9859077598828697
1840,ADE_val_00001841.jpg,0.23452042080536065,0.2365138549022361,0.0019934340968754405,17,0.9823561035871157
1841,ADE_val_00001842.jpg,0.3218438857120419,0.340858765393109,0.019014879681067076,13,0.9923933931185944
1842,ADE_val_00001843.jpg,0.4410253121402458,0.4324454078895137,-0.008579904250732129,12,0.9887101939970717
1843,ADE_val_00001844.jpg,0.27943983865320876,0.33449010998959733,0.05505027133638857,16,0.9926650576500732
1844,ADE_val_00001845.jpg,0.281549098689581,0.33188314851190454,0.050334049822323534,10,0.9860993548682284
1845,ADE_val_00001846.jpg,0.23955213334032843,0.3118154862639121,0.07226335292358366,12,0.9762279236822841
1846,ADE_val_00001847.jpg,0.43156624490774054,0.38560271331464807,-0.045963531593092466,14,0.9891677342606149
1847,ADE_val_00001848.jpg,0.3607864004835627,0.3817749772514434,0.020988576767880684,8,0.9913610678989752
1848,ADE_val_00001849.jpg,0.31870188368073143,0.35082893415713745,0.032127050476406016,8,0.9883784773060029
1849,ADE_val_00001850.jpg,0.17660247358992529,0.24004725999612178,0.0634447864061965,16,0.9869944180087847
1850,ADE_val_00001851.jpg,0.33692510164455153,0.37427186478808006,0.03734676314352853,8,0.9932884562591509
1851,ADE_val_00001852.jpg,0.4853417688587722,0.42074138438366626,-0.06460038447510597,7,0.9765882366398243
1852,ADE_val_00001853.jpg,0.32649543571094325,0.35469718765538083,0.02820175194443758,10,0.9728478449853587
1853,ADE_val_00001854.jpg,0.2646766807647141,0.26581990251893056,0.0011432217542164391,12,0.99418065977306
1854,ADE_val_00001855.jpg,0.41420618766712974,0.3674436975197065,-0.04676249014742323,5,0.9922017981332357
1855,ADE_val_00001856.jpg,0.24384429643971767,0.24084931695546724,-0.0029949794842504263,17,0.9910665263543191
1856,ADE_val_00001857.jpg,0.30576911870138657,0.19514859095547785,-0.11062052774590872,12,0.899581350658858
1857,ADE_val_00001858.jpg,0.36257717733678974,0.3914300239659472,0.02885284662915749,11,0.9801684892020498
1858,ADE_val_00001859.jpg,0.23964214217869612,0.24802199755065896,0.008379855371962841,9,0.9500909361273792
1859,ADE_val_00001860.jpg,0.541473701651671,0.7096529251677134,0.16817922351604242,6,0.98211669921875
1860,ADE_val_00001861.jpg,0.39866537758368353,0.32140376737734694,-0.0772616102063366,6,0.9905548095703125
1861,ADE_val_00001862.jpg,0.5169138340828076,0.5589527708238043,0.04203893674099679,6,0.9885711669921875
1862,ADE_val_00001863.jpg,0.4949512854013816,0.5838075906935936,0.08885630529221195,8,0.953460693359375
1863,ADE_val_00001864.jpg,0.4949285960792162,0.5358821725280918,0.040953576448875595,7,0.9832916259765625
1864,ADE_val_00001865.jpg,0.2763580286897057,0.3531707410374358,0.07681271234773007,7,0.98089599609375
1865,ADE_val_00001866.jpg,0.31354132298574683,0.28548398487313925,-0.028057338112607577,11,0.9752197265625
1866,ADE_val_00001867.jpg,0.8923371644608944,0.9225479545496473,0.030210790088752937,5,0.9828643798828125
1867,ADE_val_00001868.jpg,0.407741763375515,0.39829200818030197,-0.009449755195213017,5,0.7958526611328125
1868,ADE_val_00001869.jpg,0.2854478600636819,0.37081785733583805,0.08536999727215616,7,0.98431396484375
1869,ADE_val_00001870.jpg,0.35386080425095634,0.43927506610598144,0.0854142618550251,7,0.977386474609375
1870,ADE_val_00001871.jpg,0.5627076743045443,0.605237097893488,0.04252942358894374,5,0.9818115234375
1871,ADE_val_00001872.jpg,0.38501421437441036,0.41941328621828616,0.034399071843875806,9,0.974517822265625
1872,ADE_val_00001873.jpg,0.3079691256788093,0.3123010702718877,0.004331944593078396,8,0.982177734375
1873,ADE_val_00001874.jpg,0.5781942145830339,0.5874058385389942,0.009211623955960313,5,0.9887995654535578
1874,ADE_val_00001875.jpg,0.2238288529214715,0.18587829674267461,-0.03795055617879689,6,0.979624
1875,ADE_val_00001876.jpg,0.3441721037040743,0.4257946827314594,0.08162257902738507,6,0.9878682634730539
1876,ADE_val_00001877.jpg,0.07514008732672803,0.06110982507391331,-0.014030262252814715,7,0.9072883644475754
1877,ADE_val_00001878.jpg,0.23853384668796138,0.2088536855482717,-0.029680161139689687,11,0.8381830851236979
1878,ADE_val_00001879.jpg,0.16224916005618248,0.20769117946427273,0.045442019408090256,5,0.9935324150219298
1879,ADE_val_00001880.jpg,0.0990204588580611,0.08770823563316034,-0.011312223224900761,11,0.98630810761347
1880,ADE_val_00001881.jpg,0.12261058763484135,0.08643604848014923,-0.036174539154692126,5,0.9936318407960198
1881,ADE_val_00001882.jpg,0.28538750289388015,0.1998619208748052,-0.08552558201907495,7,0.7775982567715959
1882,ADE_val_00001883.jpg,0.15540989805463015,0.10357342006317309,-0.05183647799145706,6,0.8264263817715959
1883,ADE_val_00001884.jpg,0.22792566016738622,0.2613162829174077,0.0333906227500215,3,0.3490498860677083
1884,ADE_val_00001885.jpg,0.08015693528825962,0.18977624777126983,0.10961931248301021,5,0.982991353723061
1885,ADE_val_00001886.jpg,0.1837246297494558,0.13002286391722043,-0.053701765832235376,4,0.974609375
1886,ADE_val_00001887.jpg,0.3101961062192673,0.3644516586483587,0.054255552429091414,16,0.9665256076388888
1887,ADE_val_00001888.jpg,0.13747988163291064,0.1397125534381923,0.0022326718052816663,5,0.6071843295440655
1888,ADE_val_00001889.jpg,0.27077251469562297,0.2534322020506344,-0.017340312644988587,9,0.9849325117370892
1889,ADE_val_00001890.jpg,0.23785323607083214,0.26656182098311465,0.02870858491228251,4,0.9926618598204857
1890,ADE_val_00001891.jpg,0.495344421755173,0.5382689434435904,0.04292452168841743,8,0.9811044117162532
1891,ADE_val_00001892.jpg,0.08801481625660446,0.1087681716629794,0.02075335540637495,13,0.9618587511606314
1892,ADE_val_00001893.jpg,0.15775216202274162,0.35404470737155264,0.19629254534881102,4,0.4055045871559633
1893,ADE_val_00001894.jpg,0.16963772023519738,0.13237107462812706,-0.037266645607070326,8,0.6530462957783448
1894,ADE_val_00001895.jpg,0.12909503828307115,0.18807368643899575,0.0589786481559246,4,0.8776988912662906
1895,ADE_val_00001896.jpg,0.143627322874343,0.1269987051134385,-0.01662861776090449,5,0.9932145308462532
1896,ADE_val_00001897.jpg,0.0,0.0001912590542850167,0.0001912590542850167,1,0.9374237060546875
1897,ADE_val_00001898.jpg,0.32332274557185064,0.4798667023479993,0.15654395677614863,7,0.8088541666666667
1898,ADE_val_00001899.jpg,0.09918121886589959,0.197019035587008,0.09783781672110842,5,0.967529296875
1899,ADE_val_00001900.jpg,0.23771632688061342,0.30140583160257695,0.06368950472196352,6,0.980804443359375
1900,ADE_val_00001901.jpg,0.16145868289203869,0.1534041202438497,-0.00805456264818899,8,0.9744607087827427
1901,ADE_val_00001902.jpg,0.18296699794648003,0.14803453235831165,-0.03493246558816837,16,0.9805386666666667
1902,ADE_val_00001903.jpg,0.3235327082552987,0.45146069408249295,0.12792798582719428,6,0.9291980286738352
1903,ADE_val_00001904.jpg,0.05684551685040029,0.07705529163325275,0.020209774782852463,6,0.6656951904296875
1904,ADE_val_00001905.jpg,0.4404220799480824,0.29116851277128386,-0.14925356717679855,3,0.4128954081632653
1905,ADE_val_00001906.jpg,0.19329399628678376,0.19224568416090218,-0.0010483121258815786,6,0.5008435898609077
1906,ADE_val_00001907.jpg,0.1459123081352092,0.1731531699722273,0.0272408618370181,11,0.9534780092592593
1907,ADE_val_00001908.jpg,0.2911042793481081,0.4004185083024462,0.10931422895433807,12,0.9796142578125
1908,ADE_val_00001909.jpg,0.29458071587302137,0.3188616055525298,0.02428088967950842,10,0.9760277498169839
1909,ADE_val_00001910.jpg,0.23364433802889648,0.22336894799284943,-0.01027539003604705,14,0.9023294518667643
1910,ADE_val_00001911.jpg,0.17806278166851283,0.17586450128970219,-0.0021982803788106464,6,0.9875173370319001
1911,ADE_val_00001912.jpg,0.14420924592953727,0.14411366523729072,-9.558069224654964e-05,6,0.5524634760705289
1912,ADE_val_00001913.jpg,0.07352938460769058,0.09270198570705986,0.019172601099369274,5,0.8118599825982197
1913,ADE_val_00001914.jpg,0.09721611043785569,0.11248611800121684,0.015270007563361152,11,0.9847650596960926
1914,ADE_val_00001915.jpg,0.12356066636205003,0.2040355627727333,0.08047489641068327,3,0.435281007751938
1915,ADE_val_00001916.jpg,0.28730330258583175,0.2430033718940391,-0.044299930691792666,6,0.8864825444066515
1916,ADE_val_00001917.jpg,0.3830027845209088,0.489354491733744,0.10635170721283521,5,0.992462158203125
1917,ADE_val_00001918.jpg,0.15034729843472466,0.1719255515132469,0.021578253078522236,6,0.329803466796875
1918,ADE_val_00001919.jpg,0.12523558686451355,0.14344013805115727,0.018204551186643714,9,0.65242381954612
1919,ADE_val_00001920.jpg,0.053003614673458904,0.07830722993896366,0.02530361526550476,7,0.92662
1920,ADE_val_00001921.jpg,0.21835586298557133,0.2345676872502621,0.016211824264690783,16,0.9836606655755592
1921,ADE_val_00001922.jpg,0.6086236578686136,0.5670500130516885,-0.04157364481692516,3,0.9777942200557103
1922,ADE_val_00001923.jpg,0.164987443647696,0.12379155755364829,-0.0411958860940477,2,0.9721844116032211
1923,ADE_val_00001924.jpg,0.4243691267213368,0.2902874070133242,-0.13408171970801264,6,0.8442333333333333
1924,ADE_val_00001925.jpg,0.2556044026781576,0.17575285555309073,-0.07985154712506687,5,0.9902111111111112
1925,ADE_val_00001926.jpg,0.1892799774305135,0.22280116062582242,0.03352118319530892,7,0.9515833333333333
1926,ADE_val_00001927.jpg,0.05527143689345638,0.12141630907175863,0.06614487217830226,4,0.8988250492125984
1927,ADE_val_00001928.jpg,0.1999988565315394,0.3746699492667981,0.1746710927352587,5,0.9034279797264156
1928,ADE_val_00001929.jpg,0.11172670956375759,0.12714210008402566,0.015415390520268066,15,0.7679127013177159
1929,ADE_val_00001930.jpg,0.08145898648500438,0.15382321528881746,0.07236422880381307,3,0.9817544891910739
1930,ADE_val_00001931.jpg,0.1329261350957419,0.12111088981144628,-0.011815245284295603,7,0.9584054744826449
1931,ADE_val_00001932.jpg,0.29950447137205377,0.36822829188032197,0.0687238205082682,7,0.9192116477272727
1932,ADE_val_00001933.jpg,0.13924372955697206,0.07073772483570914,-0.06850600472126292,7,0.9853701500732065
1933,ADE_val_00001934.jpg,0.05816740285306694,0.09468229066627275,0.036514887813205804,11,0.8620516105417276
1934,ADE_val_00001935.jpg,0.18095593364043802,0.16548192826579514,-0.015474005374642885,13,0.6291064238653001
1935,ADE_val_00001936.jpg,0.30029797521634,0.31247289748367485,0.012174922267334853,3,0.434661865234375
1936,ADE_val_00001937.jpg,0.47661531135226687,0.3993630874587845,-0.07725222389348235,5,0.9780924002562226
1937,ADE_val_00001938.jpg,0.5073161446294067,0.5877401222330135,0.08042397760360687,5,0.966705322265625
1938,ADE_val_00001939.jpg,0.0978183813304419,0.1661421397305052,0.0683237584000633,11,0.9569426015739385
1939,ADE_val_00001940.jpg,0.371810629532908,0.1772912006400719,-0.1945194288928361,4,0.523003144654088
1940,ADE_val_00001941.jpg,0.10721714642465008,0.14332468612381755,0.03610753969916747,7,0.7835851851851852
1941,ADE_val_00001942.jpg,0.4474758578582449,0.5901692986513961,0.14269344079315122,3,0.9071875
1942,ADE_val_00001943.jpg,0.17008300666670004,0.17222186914947432,0.002138862482774284,24,0.9357813643850659
1943,ADE_val_00001944.jpg,0.24733801247507742,0.23015015495590704,-0.017187857519170374,4,0.97454833984375
1944,ADE_val_00001945.jpg,0.32380297700040406,0.31224518811750435,-0.011557788882899711,16,0.9630076982821637
1945,ADE_val_00001946.jpg,0.0834975242926195,0.057488433342963566,-0.026009090949655936,4,0.30225812662127105
1946,ADE_val_00001947.jpg,0.2828519918480858,0.20600664766366183,-0.07684534418442396,8,0.9743205527086384
1947,ADE_val_00001948.jpg,0.07103448870722578,0.0747959831023633,0.00376149439513751,3,0.9796905517578125
1948,ADE_val_00001949.jpg,0.20713028662581895,0.19492775314253663,-0.012202533483282318,11,0.9839431963762811
1949,ADE_val_00001950.jpg,0.1769076487810173,0.20962226574965975,0.032714616968642446,11,0.9753157027818448
1950,ADE_val_00001951.jpg,0.10579946339984403,0.15763073931278201,0.051831275912937985,3,0.9883333333333333
1951,ADE_val_00001952.jpg,0.45139118088292185,0.5428621676549839,0.091470986772062,3,0.9898626235358712
1952,ADE_val_00001953.jpg,0.23757595921387661,0.4790100539415351,0.2414340947276585,3,0.9779815673828125
1953,ADE_val_00001954.jpg,0.02531279676015585,0.07725173807979713,0.051938941319641274,3,0.959442138671875
1954,ADE_val_00001955.jpg,0.1686128607716585,0.2231390743883679,0.054526213616709396,3,0.9615936279296875
1955,ADE_val_00001956.jpg,0.07742415490597349,0.05290764285302574,-0.024516512052947748,7,0.8996090321551105
1956,ADE_val_00001957.jpg,0.34765861055734687,0.33660952617270157,-0.011049084384645302,4,0.9935624012638231
1957,ADE_val_00001958.jpg,0.20771507676972525,0.2818683361622955,0.07415325939257025,14,0.9700740740740741
1958,ADE_val_00001959.jpg,0.2404466556097985,0.24529783301021968,0.0048511774004211805,23,0.9832855224609375
1959,ADE_val_00001960.jpg,0.4181157041094303,0.4088052255300168,-0.009310478579413473,14,0.9875513712565104
1960,ADE_val_00001961.jpg,0.21136397377320706,0.16745567607866074,-0.04390829769454632,18,0.9848525576500732
1961,ADE_val_00001962.jpg,0.05593741410789558,0.159481339056883,0.10354392494898743,9,0.7388588945827232
1962,ADE_val_00001963.jpg,0.04374985215219591,0.03851868986342404,-0.005231162288771865,3,0.8629523929355783
1963,ADE_val_00001964.jpg,0.13723954293986868,0.23971666672842867,0.10247712378856,2,0.15635050851877608
1964,ADE_val_00001965.jpg,0.18021659319056627,0.24175318555929415,0.06153659236872788,17,0.8627970264889196
1965,ADE_val_00001966.jpg,0.18684551194222176,0.1939911402218162,0.007145628279594446,18,0.9384816487630209
1966,ADE_val_00001967.jpg,0.14980542155537166,0.22012261658004337,0.07031719502467171,16,0.9792208436177715
1967,ADE_val_00001968.jpg,0.24429740093254973,0.2798979576202532,0.03560055668770348,24,0.9782182238286969
1968,ADE_val_00001969.jpg,0.16843648612631487,0.1721292897729279,0.0036928036466130354,14,0.972893599011713
1969,ADE_val_00001970.jpg,0.23583060477221304,0.2603524626168073,0.024521857844594236,12,0.9792391105417276
1970,ADE_val_00001971.jpg,0.3212792115500073,0.34693162107454656,0.025652409524539233,18,0.9815636405109489
1971,ADE_val_00001972.jpg,0.2406259014155548,0.37203781113914003,0.13141190972358524,4,0.9882275646269634
1972,ADE_val_00001973.jpg,0.16592999227043997,0.18830549114255518,0.022375498872115207,1,0.9673004150390625
1973,ADE_val_00001974.jpg,0.9796737043941874,0.9842898471810373,0.004616142786849853,2,0.984375
1974,ADE_val_00001975.jpg,0.25597037370288395,0.26165608046189814,0.005685706759014197,3,0.9819793701171875
1975,ADE_val_00001976.jpg,0.08356285995050321,0.043430586911649964,-0.04013227303885324,7,0.9902013142903646
1976,ADE_val_00001977.jpg,0.12877948373155407,0.07631299786846145,-0.05246648586309262,6,0.988023883601757
1977,ADE_val_00001978.jpg,0.2778627008652023,0.29788198309850517,0.02001928223330285,5,0.963287353515625
1978,ADE_val_00001979.jpg,0.033680358508138004,0.03522203026201976,0.001541671753881757,4,0.9836343566983895
1979,ADE_val_00001980.jpg,0.6188184863084996,0.7071318606766347,0.08831337436813513,3,0.3606060606060606
1980,ADE_val_00001981.jpg,0.1348613200996906,0.1357353280351586,0.0008740079354679908,4,0.9861640854985281
1981,ADE_val_00001982.jpg,0.3947767019554207,0.811250015853312,0.41647331389789133,4,0.9911041259765625
1982,ADE_val_00001983.jpg,0.1358134583523313,0.13236399755362993,-0.0034494607987013703,3,0.9807997453104786
1983,ADE_val_00001984.jpg,0.021867764335924633,0.044894152648945876,0.023026388313021243,3,0.4216903989363534
1984,ADE_val_00001985.jpg,0.2487747284921958,0.42986142596007076,0.18108669746787495,4,0.9847777777777778
1985,ADE_val_00001986.jpg,0.15961636944126703,0.185611769532245,0.025995400090977977,14,0.990906387262079
1986,ADE_val_00001987.jpg,0.23774638360670117,0.3486325559916931,0.11088617238499196,14,0.9606993758106356
1987,ADE_val_00001988.jpg,0.07256660829371037,0.05893749332624525,-0.01362911496746512,3,0.9758300006347997
1988,ADE_val_00001989.jpg,0.13946192181014758,0.12847460424668442,-0.010987317563463161,2,0.5010579196217494
1989,ADE_val_00001990.jpg,0.6443652904676895,0.6524970797930466,0.008131789325357075,2,0.989044189453125
1990,ADE_val_00001991.jpg,0.2639228549050797,0.4221131027449475,0.1581902478398678,5,0.9872283935546875
1991,ADE_val_00001992.jpg,0.3976050575639195,0.41182148393165086,0.01421642636773135,13,0.9892792596998536
1992,ADE_val_00001993.jpg,0.30084601545149353,0.2875698522150008,-0.013276163236492722,14,0.9966485175695461
1993,ADE_val_00001994.jpg,0.2093454062248034,0.24367977652897072,0.034334370304167305,10,0.9892649615666179
1994,ADE_val_00001995.jpg,0.3077827612377063,0.2636574579604541,-0.044125303277252226,10,0.9025496431185944
1995,ADE_val_00001996.jpg,0.34649196524706793,0.6815860923107461,0.33509412706367814,4,0.9948697916666667
1996,ADE_val_00001997.jpg,0.5092341279751883,0.47474156088751174,-0.03449256708767656,4,0.97613525390625
1997,ADE_val_00001998.jpg,0.1390163319178227,0.30899698387958674,0.16998065196176404,4,0.9877492704280155
1998,ADE_val_00001999.jpg,0.3556197284721806,0.39718306638382017,0.041563337911639575,4,0.579437255859375
1999,ADE_val_00002000.jpg,0.0357571624729525,0.020236575610586335,-0.015520586862366164,3,0.2930833333333333
